"Time","O2","Condition","ID"
0.999999999999999,216.552920754614,"ZooHP","ZooHP.4"
1.00833333333333,216.663379389095,"ZooHP","ZooHP.4"
1.01666666666667,216.206620781538,"ZooHP","ZooHP.4"
1.025,215.570152540131,"ZooHP","ZooHP.4"
1.03333333333333,216.705492721423,"ZooHP","ZooHP.4"
1.04166666666667,215.2651711649,"ZooHP","ZooHP.4"
1.05,210.673206744269,"ZooHP","ZooHP.4"
1.05833333333333,216.589406629903,"ZooHP","ZooHP.4"
1.06666666666667,213.94102221318,"ZooHP","ZooHP.4"
1.075,216.358188280588,"ZooHP","ZooHP.4"
1.08333333333333,216.216111599084,"ZooHP","ZooHP.4"
1.09166666666667,216.601570676902,"ZooHP","ZooHP.4"
1.1,216.263688536237,"ZooHP","ZooHP.4"
1.10833333333333,216.312261138208,"ZooHP","ZooHP.4"
1.11666666666667,216.271224973614,"ZooHP","ZooHP.4"
1.125,215.630959954812,"ZooHP","ZooHP.4"
1.13333333333333,216.278763346634,"ZooHP","ZooHP.4"
1.14166666666667,216.464889114657,"ZooHP","ZooHP.4"
1.15,215.387881509147,"ZooHP","ZooHP.4"
1.15833333333333,216.368667406238,"ZooHP","ZooHP.4"
1.16666666666667,216.312548412152,"ZooHP","ZooHP.4"
1.175,212.527894956216,"ZooHP","ZooHP.4"
1.18333333333333,215.64045870322,"ZooHP","ZooHP.4"
1.19166666666667,210.698752222407,"ZooHP","ZooHP.4"
1.2,216.668259279396,"ZooHP","ZooHP.4"
1.20833333333333,216.363085615049,"ZooHP","ZooHP.4"
1.21666666666667,215.993880983398,"ZooHP","ZooHP.4"
1.225,216.261043584234,"ZooHP","ZooHP.4"
1.23333333333333,216.901562496066,"ZooHP","ZooHP.4"
1.24166666666667,200.16643721232,"ZooHP","ZooHP.4"
1.25,216.429408842769,"ZooHP","ZooHP.4"
1.25833333333333,203.532118098303,"ZooHP","ZooHP.4"
1.26666666666667,216.537834810578,"ZooHP","ZooHP.4"
1.275,212.495679734019,"ZooHP","ZooHP.4"
1.28333333333333,216.420201676964,"ZooHP","ZooHP.4"
1.29166666666667,207.208229569791,"ZooHP","ZooHP.4"
1.3,215.994865163433,"ZooHP","ZooHP.4"
1.30833333333333,215.539782118177,"ZooHP","ZooHP.4"
1.31666666666667,216.019105497793,"ZooHP","ZooHP.4"
1.325,215.578023463168,"ZooHP","ZooHP.4"
1.33333333333333,215.545332603991,"ZooHP","ZooHP.4"
1.34166666666667,213.973459863155,"ZooHP","ZooHP.4"
1.35,215.908734497026,"ZooHP","ZooHP.4"
1.35833333333333,215.483915630701,"ZooHP","ZooHP.4"
1.36666666666667,207.183111736266,"ZooHP","ZooHP.4"
1.375,216.550265644104,"ZooHP","ZooHP.4"
1.38333333333333,215.320972125146,"ZooHP","ZooHP.4"
1.39166666666667,215.928379318157,"ZooHP","ZooHP.4"
1.4,214.138736577055,"ZooHP","ZooHP.4"
1.40833333333333,216.259084602242,"ZooHP","ZooHP.4"
1.41666666666667,215.878938733544,"ZooHP","ZooHP.4"
1.425,203.562941007731,"ZooHP","ZooHP.4"
1.43333333333333,216.626876110948,"ZooHP","ZooHP.4"
1.44166666666667,215.975210721419,"ZooHP","ZooHP.4"
1.45,215.045112188105,"ZooHP","ZooHP.4"
1.45833333333333,215.843587731094,"ZooHP","ZooHP.4"
1.46666666666667,215.223430943004,"ZooHP","ZooHP.4"
1.475,216.279743195608,"ZooHP","ZooHP.4"
1.48333333333333,215.529672761367,"ZooHP","ZooHP.4"
1.49166666666667,215.824308308242,"ZooHP","ZooHP.4"
1.5,210.813763102829,"ZooHP","ZooHP.4"
1.50833333333333,214.479720052624,"ZooHP","ZooHP.4"
1.51666666666667,215.792563131573,"ZooHP","ZooHP.4"
1.525,214.486225987092,"ZooHP","ZooHP.4"
1.53333333333333,215.550278617749,"ZooHP","ZooHP.4"
1.54166666666667,215.746745225256,"ZooHP","ZooHP.4"
1.55,207.145443358355,"ZooHP","ZooHP.4"
1.55833333333333,214.223171477795,"ZooHP","ZooHP.4"
1.56666666666667,215.85050101739,"ZooHP","ZooHP.4"
1.575,215.891395840912,"ZooHP","ZooHP.4"
1.58333333333333,215.746745225256,"ZooHP","ZooHP.4"
1.59166666666667,215.821342708926,"ZooHP","ZooHP.4"
1.6,216.00141722676,"ZooHP","ZooHP.4"
1.60833333333333,215.89238446664,"ZooHP","ZooHP.4"
1.61666666666667,215.469257611194,"ZooHP","ZooHP.4"
1.625,215.394805712378,"ZooHP","ZooHP.4"
1.63333333333333,215.513032551532,"ZooHP","ZooHP.4"
1.64166666666667,215.600613000108,"ZooHP","ZooHP.4"
1.65,216.018472999823,"ZooHP","ZooHP.4"
1.65833333333333,215.487875325198,"ZooHP","ZooHP.4"
1.66666666666667,215.095312349105,"ZooHP","ZooHP.4"
1.675,214.8529471458,"ZooHP","ZooHP.4"
1.68333333333333,215.36768088214,"ZooHP","ZooHP.4"
1.69166666666667,215.54274884343,"ZooHP","ZooHP.4"
1.7,214.077308813091,"ZooHP","ZooHP.4"
1.70833333333333,215.101836681649,"ZooHP","ZooHP.4"
1.71666666666667,203.606104587392,"ZooHP","ZooHP.4"
1.725,215.60418138396,"ZooHP","ZooHP.4"
1.73333333333333,215.758846915072,"ZooHP","ZooHP.4"
1.74166666666667,215.535220995812,"ZooHP","ZooHP.4"
1.75,215.690817069702,"ZooHP","ZooHP.4"
1.75833333333333,214.893047463555,"ZooHP","ZooHP.4"
1.76666666666667,215.589517354045,"ZooHP","ZooHP.4"
1.775,215.651953629183,"ZooHP","ZooHP.4"
1.78333333333333,215.897945310727,"ZooHP","ZooHP.4"
1.79166666666667,215.033060863416,"ZooHP","ZooHP.4"
1.8,215.04965014319,"ZooHP","ZooHP.4"
1.80833333333333,215.716001273393,"ZooHP","ZooHP.4"
1.81666666666667,215.287729278591,"ZooHP","ZooHP.4"
1.825,215.831478793217,"ZooHP","ZooHP.4"
1.83333333333333,215.326515215792,"ZooHP","ZooHP.4"
1.84166666666667,215.993880983398,"ZooHP","ZooHP.4"
1.85,214.958784057835,"ZooHP","ZooHP.4"
1.85833333333333,215.063687426176,"ZooHP","ZooHP.4"
1.86666666666667,215.89695744049,"ZooHP","ZooHP.4"
1.875,215.695385152759,"ZooHP","ZooHP.4"
1.88333333333333,214.928175844038,"ZooHP","ZooHP.4"
1.89166666666667,214.572323321123,"ZooHP","ZooHP.4"
1.9,215.603192674006,"ZooHP","ZooHP.4"
1.90833333333333,215.422520926763,"ZooHP","ZooHP.4"
1.91666666666667,214.548807936183,"ZooHP","ZooHP.4"
1.925,215.166099916757,"ZooHP","ZooHP.4"
1.93333333333333,216.517731280638,"ZooHP","ZooHP.4"
1.94166666666667,215.533640698774,"ZooHP","ZooHP.4"
1.95,215.477781113906,"ZooHP","ZooHP.4"
1.95833333333333,216.015508343476,"ZooHP","ZooHP.4"
1.96666666666667,215.11787356657,"ZooHP","ZooHP.4"
1.975,215.625785208232,"ZooHP","ZooHP.4"
1.98333333333333,215.462721441134,"ZooHP","ZooHP.4"
1.99166666666667,215.348084541545,"ZooHP","ZooHP.4"
2,215.329480182348,"ZooHP","ZooHP.4"
2.00833333333333,215.674156809545,"ZooHP","ZooHP.4"
2.01666666666667,215.526108655777,"ZooHP","ZooHP.4"
2.025,215.078723149793,"ZooHP","ZooHP.4"
2.03333333333333,215.380746561536,"ZooHP","ZooHP.4"
2.04166666666667,215.402920273253,"ZooHP","ZooHP.4"
2.05,215.212357396714,"ZooHP","ZooHP.4"
2.05833333333333,214.976356938247,"ZooHP","ZooHP.4"
2.06666666666667,214.869516559171,"ZooHP","ZooHP.4"
2.075,215.021585710421,"ZooHP","ZooHP.4"
2.08333333333333,214.784262352603,"ZooHP","ZooHP.4"
2.09166666666667,215.307321318911,"ZooHP","ZooHP.4"
2.1,215.195752675151,"ZooHP","ZooHP.4"
2.10833333333333,214.710085338641,"ZooHP","ZooHP.4"
2.11666666666667,215.384310066057,"ZooHP","ZooHP.4"
2.125,215.1304906419,"ZooHP","ZooHP.4"
2.13333333333333,214.063321682194,"ZooHP","ZooHP.4"
2.14166666666667,214.476720465684,"ZooHP","ZooHP.4"
2.15,214.511763168874,"ZooHP","ZooHP.4"
2.15833333333333,215.394413600712,"ZooHP","ZooHP.4"
2.16666666666667,214.932706919261,"ZooHP","ZooHP.4"
2.175,214.168708123836,"ZooHP","ZooHP.4"
2.18333333333333,214.797291132141,"ZooHP","ZooHP.4"
2.19166666666667,214.747170075092,"ZooHP","ZooHP.4"
2.2,214.658000209294,"ZooHP","ZooHP.4"
2.20833333333333,214.529289373947,"ZooHP","ZooHP.4"
2.21666666666667,214.825891151139,"ZooHP","ZooHP.4"
2.225,214.813853924984,"ZooHP","ZooHP.4"
2.23333333333333,214.498752802894,"ZooHP","ZooHP.4"
2.24166666666667,214.808332250881,"ZooHP","ZooHP.4"
2.25,214.835388318642,"ZooHP","ZooHP.4"
2.25833333333333,215.010952251256,"ZooHP","ZooHP.4"
2.26666666666667,215.598630930801,"ZooHP","ZooHP.4"
2.275,214.279652280063,"ZooHP","ZooHP.4"
2.28333333333333,214.779738442748,"ZooHP","ZooHP.4"
2.29166666666667,214.460203984894,"ZooHP","ZooHP.4"
2.3,214.229668491794,"ZooHP","ZooHP.4"
2.30833333333333,214.88354317618,"ZooHP","ZooHP.4"
2.31666666666667,214.074304242392,"ZooHP","ZooHP.4"
2.325,214.265655867772,"ZooHP","ZooHP.4"
2.33333333333333,214.353652603371,"ZooHP","ZooHP.4"
2.34166666666667,214.309149595459,"ZooHP","ZooHP.4"
2.35,214.658000209294,"ZooHP","ZooHP.4"
2.35833333333333,214.770241562815,"ZooHP","ZooHP.4"
2.36666666666667,214.188696219457,"ZooHP","ZooHP.4"
2.375,214.063321682194,"ZooHP","ZooHP.4"
2.38333333333333,214.518268785719,"ZooHP","ZooHP.4"
2.39166666666667,214.140730552506,"ZooHP","ZooHP.4"
2.4,214.918678202815,"ZooHP","ZooHP.4"
2.40833333333333,214.770241562815,"ZooHP","ZooHP.4"
2.41666666666667,214.69353802313,"ZooHP","ZooHP.4"
2.425,213.939531633036,"ZooHP","ZooHP.4"
2.43333333333333,214.237166658571,"ZooHP","ZooHP.4"
2.44166666666667,214.353652603371,"ZooHP","ZooHP.4"
2.45,214.090295127136,"ZooHP","ZooHP.4"
2.45833333333333,214.342651122941,"ZooHP","ZooHP.4"
2.46666666666667,214.316648684943,"ZooHP","ZooHP.4"
2.475,214.38866733858,"ZooHP","ZooHP.4"
2.48333333333333,213.734556276421,"ZooHP","ZooHP.4"
2.49166666666667,214.045850206671,"ZooHP","ZooHP.4"
2.5,214.342651122941,"ZooHP","ZooHP.4"
2.50833333333333,214.474725928374,"ZooHP","ZooHP.4"
2.51666666666667,214.503268673714,"ZooHP","ZooHP.4"
2.525,213.997418120463,"ZooHP","ZooHP.4"
2.53333333333333,214.32115031945,"ZooHP","ZooHP.4"
2.54166666666667,213.99592836805,"ZooHP","ZooHP.4"
2.55,214.043846986771,"ZooHP","ZooHP.4"
2.55833333333333,214.65447236842,"ZooHP","ZooHP.4"
2.56666666666667,214.303649200088,"ZooHP","ZooHP.4"
2.575,213.992449390659,"ZooHP","ZooHP.4"
2.58333333333333,213.850256631224,"ZooHP","ZooHP.4"
2.59166666666667,213.862223470153,"ZooHP","ZooHP.4"
2.6,213.547774632718,"ZooHP","ZooHP.4"
2.60833333333333,213.276105484979,"ZooHP","ZooHP.4"
2.61666666666667,214.255659436737,"ZooHP","ZooHP.4"
2.625,214.828872339496,"ZooHP","ZooHP.4"
2.63333333333333,213.853729542042,"ZooHP","ZooHP.4"
2.64166666666667,214.358156013431,"ZooHP","ZooHP.4"
2.65,213.729076972135,"ZooHP","ZooHP.4"
2.65833333333333,213.954515010732,"ZooHP","ZooHP.4"
2.66666666666667,213.923076389037,"ZooHP","ZooHP.4"
2.675,213.350707262157,"ZooHP","ZooHP.4"
2.68333333333333,214.324659278168,"ZooHP","ZooHP.4"
2.69166666666667,214.65447236842,"ZooHP","ZooHP.4"
2.7,214.204681567845,"ZooHP","ZooHP.4"
2.70833333333333,214.030865299532,"ZooHP","ZooHP.4"
2.71666666666667,214.01489120111,"ZooHP","ZooHP.4"
2.725,213.559176351046,"ZooHP","ZooHP.4"
2.73333333333333,214.139733047459,"ZooHP","ZooHP.4"
2.74166666666667,213.883151857633,"ZooHP","ZooHP.4"
2.75,214.220176855706,"ZooHP","ZooHP.4"
2.75833333333333,213.92904603081,"ZooHP","ZooHP.4"
2.76666666666667,214.064818009651,"ZooHP","ZooHP.4"
2.775,213.758479851951,"ZooHP","ZooHP.4"
2.78333333333333,212.97254328751,"ZooHP","ZooHP.4"
2.79166666666667,213.659802197632,"ZooHP","ZooHP.4"
2.8,214.003907084446,"ZooHP","ZooHP.4"
2.80833333333333,213.180130199657,"ZooHP","ZooHP.4"
2.81666666666667,213.951506309242,"ZooHP","ZooHP.4"
2.825,213.068422186266,"ZooHP","ZooHP.4"
2.83333333333333,213.668285538616,"ZooHP","ZooHP.4"
2.84166666666667,212.828709629132,"ZooHP","ZooHP.4"
2.85,213.735558222833,"ZooHP","ZooHP.4"
2.85833333333333,213.579151828729,"ZooHP","ZooHP.4"
2.86666666666667,213.388523356197,"ZooHP","ZooHP.4"
2.875,213.479568468187,"ZooHP","ZooHP.4"
2.88333333333333,214.215675802986,"ZooHP","ZooHP.4"
2.89166666666667,213.971975156754,"ZooHP","ZooHP.4"
2.9,213.941537295774,"ZooHP","ZooHP.4"
2.90833333333333,214.033869922782,"ZooHP","ZooHP.4"
2.91666666666667,213.594561213624,"ZooHP","ZooHP.4"
2.925,213.912581894579,"ZooHP","ZooHP.4"
2.93333333333333,213.724601825103,"ZooHP","ZooHP.4"
2.94166666666667,214.077308813091,"ZooHP","ZooHP.4"
2.95,213.558715055946,"ZooHP","ZooHP.4"
2.95833333333333,213.276105484979,"ZooHP","ZooHP.4"
2.96666666666667,213.303415167886,"ZooHP","ZooHP.4"
2.975,213.550230958855,"ZooHP","ZooHP.4"
2.98333333333333,212.883767169852,"ZooHP","ZooHP.4"
2.99166666666667,213.502447823875,"ZooHP","ZooHP.4"
3,213.126990780845,"ZooHP","ZooHP.4"
3.00833333333333,213.450663026912,"ZooHP","ZooHP.4"
3.01666666666667,213.464611001787,"ZooHP","ZooHP.4"
3.025,213.933043793746,"ZooHP","ZooHP.4"
3.03333333333333,212.285488061664,"ZooHP","ZooHP.4"
3.04166666666667,213.598030285149,"ZooHP","ZooHP.4"
3.05,212.779109854616,"ZooHP","ZooHP.4"
3.05833333333333,213.497984671695,"ZooHP","ZooHP.4"
3.06666666666667,213.425338675812,"ZooHP","ZooHP.4"
3.075,213.35616988936,"ZooHP","ZooHP.4"
3.08333333333333,213.643372975875,"ZooHP","ZooHP.4"
3.09166666666667,213.503453079142,"ZooHP","ZooHP.4"
3.1,213.002412220683,"ZooHP","ZooHP.4"
3.10833333333333,213.21648052049,"ZooHP","ZooHP.4"
3.11666666666666,212.829720725626,"ZooHP","ZooHP.4"
3.125,213.164761811575,"ZooHP","ZooHP.4"
3.13333333333333,213.606511957097,"ZooHP","ZooHP.4"
3.14166666666667,213.240327481252,"ZooHP","ZooHP.4"
3.15,212.726107084525,"ZooHP","ZooHP.4"
3.15833333333333,212.904145426925,"ZooHP","ZooHP.4"
3.16666666666667,212.510588513971,"ZooHP","ZooHP.4"
3.175,212.879333911282,"ZooHP","ZooHP.4"
3.18333333333333,212.940862856456,"ZooHP","ZooHP.4"
3.19166666666667,213.246794179407,"ZooHP","ZooHP.4"
3.2,213.852727195004,"ZooHP","ZooHP.4"
3.20833333333333,213.029660548144,"ZooHP","ZooHP.4"
3.21666666666667,213.361633247371,"ZooHP","ZooHP.4"
3.225,213.085787829351,"ZooHP","ZooHP.4"
3.23333333333333,212.850486854454,"ZooHP","ZooHP.4"
3.24166666666667,213.953996407921,"ZooHP","ZooHP.4"
3.25,212.373945878557,"ZooHP","ZooHP.4"
3.25833333333333,212.728513699829,"ZooHP","ZooHP.4"
3.26666666666667,214.123247105096,"ZooHP","ZooHP.4"
3.275,212.669073950365,"ZooHP","ZooHP.4"
3.28333333333333,213.147386676108,"ZooHP","ZooHP.4"
3.29166666666667,212.638857464171,"ZooHP","ZooHP.4"
3.3,212.421052453228,"ZooHP","ZooHP.4"
3.30833333333333,212.262790548024,"ZooHP","ZooHP.4"
3.31666666666667,213.684261398125,"ZooHP","ZooHP.4"
3.325,212.214357551669,"ZooHP","ZooHP.4"
3.33333333333333,212.484461062851,"ZooHP","ZooHP.4"
3.34166666666667,212.681609635018,"ZooHP","ZooHP.4"
3.35,212.446819645873,"ZooHP","ZooHP.4"
3.35833333333333,212.32953499386,"ZooHP","ZooHP.4"
3.36666666666667,212.82326713927,"ZooHP","ZooHP.4"
3.375,213.21648052049,"ZooHP","ZooHP.4"
3.38333333333333,211.9274065065,"ZooHP","ZooHP.4"
3.39166666666667,212.063037526898,"ZooHP","ZooHP.4"
3.4,211.898654856498,"ZooHP","ZooHP.4"
3.40833333333333,213.106600247218,"ZooHP","ZooHP.4"
3.41666666666667,212.091805707905,"ZooHP","ZooHP.4"
0.999999999999999,216.509479178152,"ZooHP","ZooHP.5"
1.00833333333333,215.456668965642,"ZooHP","ZooHP.5"
1.01666666666667,216.032086005007,"ZooHP","ZooHP.5"
1.025,216.708067546799,"ZooHP","ZooHP.5"
1.03333333333333,216.078499257828,"ZooHP","ZooHP.5"
1.04166666666667,215.990935402847,"ZooHP","ZooHP.5"
1.05,215.979262991623,"ZooHP","ZooHP.5"
1.05833333333333,216.656870792543,"ZooHP","ZooHP.5"
1.06666666666667,216.433727452541,"ZooHP","ZooHP.5"
1.075,215.847917111229,"ZooHP","ZooHP.5"
1.08333333333333,206.358138506833,"ZooHP","ZooHP.5"
1.09166666666667,216.049322491957,"ZooHP","ZooHP.5"
1.1,214.594857702782,"ZooHP","ZooHP.5"
1.10833333333333,215.722608386079,"ZooHP","ZooHP.5"
1.11666666666667,216.172394570053,"ZooHP","ZooHP.5"
1.125,215.414481085943,"ZooHP","ZooHP.5"
1.13333333333333,215.379860838539,"ZooHP","ZooHP.5"
1.14166666666667,215.275785291762,"ZooHP","ZooHP.5"
1.15,213.577719185109,"ZooHP","ZooHP.5"
1.15833333333333,216.40170680492,"ZooHP","ZooHP.5"
1.16666666666667,215.370911823013,"ZooHP","ZooHP.5"
1.175,216.557837435651,"ZooHP","ZooHP.5"
1.18333333333333,216.388171680272,"ZooHP","ZooHP.5"
1.19166666666667,215.398077477217,"ZooHP","ZooHP.5"
1.2,215.809810817855,"ZooHP","ZooHP.5"
1.20833333333333,214.427275603467,"ZooHP","ZooHP.5"
1.21666666666667,215.435734161144,"ZooHP","ZooHP.5"
1.225,218.132443032056,"ZooHP","ZooHP.5"
1.23333333333333,214.8510734017,"ZooHP","ZooHP.5"
1.24166666666667,216.889271545064,"ZooHP","ZooHP.5"
1.25,215.676375821276,"ZooHP","ZooHP.5"
1.25833333333333,218.047507475547,"ZooHP","ZooHP.5"
1.26666666666667,215.966175608143,"ZooHP","ZooHP.5"
1.275,215.950985827324,"ZooHP","ZooHP.5"
1.28333333333333,213.691683158536,"ZooHP","ZooHP.5"
1.29166666666667,217.718625461443,"ZooHP","ZooHP.5"
1.3,216.535795122434,"ZooHP","ZooHP.5"
1.30833333333333,215.07261966241,"ZooHP","ZooHP.5"
1.31666666666667,214.982793798168,"ZooHP","ZooHP.5"
1.325,215.292476945397,"ZooHP","ZooHP.5"
1.33333333333333,214.898902278898,"ZooHP","ZooHP.5"
1.34166666666667,216.596410458132,"ZooHP","ZooHP.5"
1.35,215.034263627789,"ZooHP","ZooHP.5"
1.35833333333333,215.415411008635,"ZooHP","ZooHP.5"
1.36666666666667,215.235095182381,"ZooHP","ZooHP.5"
1.375,215.895806808768,"ZooHP","ZooHP.5"
1.38333333333333,215.148089791436,"ZooHP","ZooHP.5"
1.39166666666667,214.136450585781,"ZooHP","ZooHP.5"
1.4,216.427524615684,"ZooHP","ZooHP.5"
1.40833333333333,214.036721061611,"ZooHP","ZooHP.5"
1.41666666666667,215.40020730859,"ZooHP","ZooHP.5"
1.425,215.204981451771,"ZooHP","ZooHP.5"
1.43333333333333,214.586494239059,"ZooHP","ZooHP.5"
1.44166666666667,214.891887554071,"ZooHP","ZooHP.5"
1.45,214.037082974416,"ZooHP","ZooHP.5"
1.45833333333333,215.312363719565,"ZooHP","ZooHP.5"
1.46666666666667,213.13108443504,"ZooHP","ZooHP.5"
1.475,215.833792224155,"ZooHP","ZooHP.5"
1.48333333333333,215.043891586886,"ZooHP","ZooHP.5"
1.49166666666667,213.488462348085,"ZooHP","ZooHP.5"
1.5,215.215673355662,"ZooHP","ZooHP.5"
1.50833333333333,214.028471566919,"ZooHP","ZooHP.5"
1.51666666666667,215.501864450358,"ZooHP","ZooHP.5"
1.525,213.794309099236,"ZooHP","ZooHP.5"
1.53333333333333,215.887496263243,"ZooHP","ZooHP.5"
1.54166666666667,213.770433443062,"ZooHP","ZooHP.5"
1.55,213.095155781225,"ZooHP","ZooHP.5"
1.55833333333333,214.353294020375,"ZooHP","ZooHP.5"
1.56666666666667,214.703385786591,"ZooHP","ZooHP.5"
1.575,214.21888128545,"ZooHP","ZooHP.5"
1.58333333333333,213.134143603056,"ZooHP","ZooHP.5"
1.59166666666667,212.777821121063,"ZooHP","ZooHP.5"
1.6,214.35058383201,"ZooHP","ZooHP.5"
1.60833333333333,215.078564040366,"ZooHP","ZooHP.5"
1.61666666666667,215.110343892192,"ZooHP","ZooHP.5"
1.625,214.676571553549,"ZooHP","ZooHP.5"
1.63333333333333,213.445320036071,"ZooHP","ZooHP.5"
1.64166666666667,215.171868468597,"ZooHP","ZooHP.5"
1.65,214.911021911396,"ZooHP","ZooHP.5"
1.65833333333333,214.029327030461,"ZooHP","ZooHP.5"
1.66666666666667,212.957995031229,"ZooHP","ZooHP.5"
1.675,215.84555409509,"ZooHP","ZooHP.5"
1.68333333333333,214.154415648927,"ZooHP","ZooHP.5"
1.69166666666667,212.528178466614,"ZooHP","ZooHP.5"
1.7,213.464468423649,"ZooHP","ZooHP.5"
1.70833333333333,214.190969835025,"ZooHP","ZooHP.5"
1.71666666666667,212.942266396041,"ZooHP","ZooHP.5"
1.725,214.170101663908,"ZooHP","ZooHP.5"
1.73333333333333,214.954516553274,"ZooHP","ZooHP.5"
1.74166666666667,213.441719351205,"ZooHP","ZooHP.5"
1.75,210.416545486529,"ZooHP","ZooHP.5"
1.75833333333333,213.065011222758,"ZooHP","ZooHP.5"
1.76666666666667,212.863034577349,"ZooHP","ZooHP.5"
1.775,212.859143774674,"ZooHP","ZooHP.5"
1.78333333333333,213.380184195781,"ZooHP","ZooHP.5"
1.79166666666667,214.385255586731,"ZooHP","ZooHP.5"
1.8,215.070807723549,"ZooHP","ZooHP.5"
1.80833333333333,213.444694476047,"ZooHP","ZooHP.5"
1.81666666666667,213.252068484286,"ZooHP","ZooHP.5"
1.825,212.699384855844,"ZooHP","ZooHP.5"
1.83333333333333,213.962830164101,"ZooHP","ZooHP.5"
1.84166666666667,213.985614981341,"ZooHP","ZooHP.5"
1.85,213.872962816171,"ZooHP","ZooHP.5"
1.85833333333333,213.235836517922,"ZooHP","ZooHP.5"
1.86666666666667,213.093719544021,"ZooHP","ZooHP.5"
1.875,214.328370610342,"ZooHP","ZooHP.5"
1.88333333333333,213.965788999417,"ZooHP","ZooHP.5"
1.89166666666667,212.459130955229,"ZooHP","ZooHP.5"
1.9,213.42103728918,"ZooHP","ZooHP.5"
1.90833333333333,213.452549698386,"ZooHP","ZooHP.5"
1.91666666666667,213.806127273528,"ZooHP","ZooHP.5"
1.925,212.32757678086,"ZooHP","ZooHP.5"
1.93333333333333,213.306562798809,"ZooHP","ZooHP.5"
1.94166666666667,212.574668613274,"ZooHP","ZooHP.5"
1.95,213.65584298273,"ZooHP","ZooHP.5"
1.95833333333333,212.714358526685,"ZooHP","ZooHP.5"
1.96666666666667,211.056870900791,"ZooHP","ZooHP.5"
1.975,211.15999735643,"ZooHP","ZooHP.5"
1.98333333333333,211.550404297027,"ZooHP","ZooHP.5"
1.99166666666667,210.727636203051,"ZooHP","ZooHP.5"
2,211.617172859226,"ZooHP","ZooHP.5"
2.00833333333333,213.356260066301,"ZooHP","ZooHP.5"
2.01666666666667,212.819695010305,"ZooHP","ZooHP.5"
2.025,211.109998301548,"ZooHP","ZooHP.5"
2.03333333333333,211.050224360481,"ZooHP","ZooHP.5"
2.04166666666667,212.759218718069,"ZooHP","ZooHP.5"
2.05,211.929924693599,"ZooHP","ZooHP.5"
2.05833333333333,211.240017014931,"ZooHP","ZooHP.5"
2.06666666666667,210.480072408014,"ZooHP","ZooHP.5"
2.075,210.06163716613,"ZooHP","ZooHP.5"
2.08333333333333,209.930757811843,"ZooHP","ZooHP.5"
2.09166666666667,211.592502292742,"ZooHP","ZooHP.5"
2.1,209.076661087739,"ZooHP","ZooHP.5"
2.10833333333333,210.294092950898,"ZooHP","ZooHP.5"
2.11666666666667,211.042455348103,"ZooHP","ZooHP.5"
2.125,210.715588306055,"ZooHP","ZooHP.5"
2.13333333333333,209.729258567207,"ZooHP","ZooHP.5"
2.14166666666667,210.512039580136,"ZooHP","ZooHP.5"
2.15,208.912884972007,"ZooHP","ZooHP.5"
2.15833333333333,210.46359743168,"ZooHP","ZooHP.5"
2.16666666666667,211.985134749208,"ZooHP","ZooHP.5"
2.175,209.567375183164,"ZooHP","ZooHP.5"
2.18333333333333,209.68113649782,"ZooHP","ZooHP.5"
2.19166666666667,208.876112114068,"ZooHP","ZooHP.5"
2.2,212.38149984415,"ZooHP","ZooHP.5"
2.20833333333333,210.554099178473,"ZooHP","ZooHP.5"
2.21666666666667,209.900489351601,"ZooHP","ZooHP.5"
2.225,209.575923510874,"ZooHP","ZooHP.5"
2.23333333333333,209.993959420525,"ZooHP","ZooHP.5"
2.24166666666667,209.51522904511,"ZooHP","ZooHP.5"
2.25,208.802999911562,"ZooHP","ZooHP.5"
2.25833333333333,209.529978677087,"ZooHP","ZooHP.5"
2.26666666666667,208.943999651593,"ZooHP","ZooHP.5"
2.275,210.25089883447,"ZooHP","ZooHP.5"
2.28333333333333,209.527447673399,"ZooHP","ZooHP.5"
2.29166666666667,209.655802306747,"ZooHP","ZooHP.5"
2.3,210.083307831543,"ZooHP","ZooHP.5"
2.30833333333333,210.257222864713,"ZooHP","ZooHP.5"
2.31666666666667,208.934932724567,"ZooHP","ZooHP.5"
2.325,209.002312883493,"ZooHP","ZooHP.5"
2.33333333333333,210.968673852764,"ZooHP","ZooHP.5"
2.34166666666667,210.915380648809,"ZooHP","ZooHP.5"
2.35,210.436561065967,"ZooHP","ZooHP.5"
2.35833333333333,210.266717318549,"ZooHP","ZooHP.5"
2.36666666666667,210.804102169376,"ZooHP","ZooHP.5"
2.375,207.39040635823,"ZooHP","ZooHP.5"
2.38333333333333,209.051259381183,"ZooHP","ZooHP.5"
2.39166666666667,208.715004304805,"ZooHP","ZooHP.5"
2.4,207.663400916096,"ZooHP","ZooHP.5"
2.40833333333333,209.032117801068,"ZooHP","ZooHP.5"
2.41666666666667,209.144429268971,"ZooHP","ZooHP.5"
2.425,209.992733491237,"ZooHP","ZooHP.5"
2.43333333333333,209.931397804714,"ZooHP","ZooHP.5"
2.44166666666667,208.736335816249,"ZooHP","ZooHP.5"
2.45,212.118369857374,"ZooHP","ZooHP.5"
2.45833333333333,208.387945624024,"ZooHP","ZooHP.5"
2.46666666666667,210.075188379929,"ZooHP","ZooHP.5"
2.475,209.333321342675,"ZooHP","ZooHP.5"
2.48333333333333,209.085365844555,"ZooHP","ZooHP.5"
2.49166666666667,209.25092144515,"ZooHP","ZooHP.5"
2.5,209.384184689258,"ZooHP","ZooHP.5"
2.50833333333333,209.643043662895,"ZooHP","ZooHP.5"
2.51666666666667,207.819367531161,"ZooHP","ZooHP.5"
2.525,209.697540988306,"ZooHP","ZooHP.5"
2.53333333333333,209.057595733363,"ZooHP","ZooHP.5"
2.54166666666667,209.801282051764,"ZooHP","ZooHP.5"
2.55,209.606100548938,"ZooHP","ZooHP.5"
2.55833333333333,209.311912733498,"ZooHP","ZooHP.5"
2.56666666666667,208.347048028427,"ZooHP","ZooHP.5"
2.575,209.385178828213,"ZooHP","ZooHP.5"
2.58333333333333,208.866286714306,"ZooHP","ZooHP.5"
2.59166666666667,210.39718304942,"ZooHP","ZooHP.5"
2.6,209.264712201261,"ZooHP","ZooHP.5"
2.60833333333333,209.117115034656,"ZooHP","ZooHP.5"
2.61666666666667,208.79056811707,"ZooHP","ZooHP.5"
2.625,208.99216360866,"ZooHP","ZooHP.5"
2.63333333333333,209.946701348856,"ZooHP","ZooHP.5"
2.64166666666667,208.947486555327,"ZooHP","ZooHP.5"
2.65,209.628576978957,"ZooHP","ZooHP.5"
2.65833333333333,210.050010540333,"ZooHP","ZooHP.5"
2.66666666666667,209.778272195485,"ZooHP","ZooHP.5"
2.675,211.303676359315,"ZooHP","ZooHP.5"
2.68333333333333,210.055847184417,"ZooHP","ZooHP.5"
2.69166666666667,210.007150842628,"ZooHP","ZooHP.5"
2.7,209.885174528161,"ZooHP","ZooHP.5"
2.70833333333333,210.331214309558,"ZooHP","ZooHP.5"
2.71666666666667,210.002526350351,"ZooHP","ZooHP.5"
2.725,209.802066119593,"ZooHP","ZooHP.5"
2.73333333333333,208.807246038695,"ZooHP","ZooHP.5"
2.74166666666667,209.189078535509,"ZooHP","ZooHP.5"
2.75,209.787022498109,"ZooHP","ZooHP.5"
2.75833333333333,208.947463091934,"ZooHP","ZooHP.5"
2.76666666666667,211.008851788728,"ZooHP","ZooHP.5"
2.775,209.277965094384,"ZooHP","ZooHP.5"
2.78333333333333,210.001735203146,"ZooHP","ZooHP.5"
2.79166666666667,210.194022849669,"ZooHP","ZooHP.5"
2.8,210.391748912512,"ZooHP","ZooHP.5"
2.80833333333333,210.048437706329,"ZooHP","ZooHP.5"
2.81666666666667,209.503172326063,"ZooHP","ZooHP.5"
2.825,207.93943977484,"ZooHP","ZooHP.5"
2.83333333333333,209.583687175652,"ZooHP","ZooHP.5"
2.84166666666667,209.491340865015,"ZooHP","ZooHP.5"
2.85,208.002384070165,"ZooHP","ZooHP.5"
2.85833333333333,210.696863647677,"ZooHP","ZooHP.5"
2.86666666666667,210.573452359017,"ZooHP","ZooHP.5"
2.875,208.87482648994,"ZooHP","ZooHP.5"
2.88333333333333,210.925565240953,"ZooHP","ZooHP.5"
2.89166666666667,209.594019510047,"ZooHP","ZooHP.5"
2.9,209.57267761438,"ZooHP","ZooHP.5"
2.90833333333333,209.54507393868,"ZooHP","ZooHP.5"
2.91666666666667,209.343252593715,"ZooHP","ZooHP.5"
2.925,210.850378233428,"ZooHP","ZooHP.5"
2.93333333333333,209.874805708531,"ZooHP","ZooHP.5"
2.94166666666667,209.44099230217,"ZooHP","ZooHP.5"
2.95,209.393582833092,"ZooHP","ZooHP.5"
2.95833333333333,209.856647961877,"ZooHP","ZooHP.5"
2.96666666666667,209.606496004807,"ZooHP","ZooHP.5"
2.975,209.81701488361,"ZooHP","ZooHP.5"
2.98333333333333,208.669749758411,"ZooHP","ZooHP.5"
2.99166666666667,209.556085557306,"ZooHP","ZooHP.5"
3,208.125701543641,"ZooHP","ZooHP.5"
3.00833333333333,210.143504206337,"ZooHP","ZooHP.5"
3.01666666666667,210.5926219492,"ZooHP","ZooHP.5"
3.025,209.13330124508,"ZooHP","ZooHP.5"
3.03333333333333,209.696767809168,"ZooHP","ZooHP.5"
3.04166666666667,210.531312304471,"ZooHP","ZooHP.5"
3.05,209.729237670503,"ZooHP","ZooHP.5"
3.05833333333333,211.325939589985,"ZooHP","ZooHP.5"
3.06666666666667,209.606240164286,"ZooHP","ZooHP.5"
3.075,209.689236476881,"ZooHP","ZooHP.5"
3.08333333333333,211.168527688843,"ZooHP","ZooHP.5"
3.09166666666667,209.049731238358,"ZooHP","ZooHP.5"
3.1,209.035816682785,"ZooHP","ZooHP.5"
3.10833333333333,209.426727132291,"ZooHP","ZooHP.5"
3.11666666666666,210.161290879827,"ZooHP","ZooHP.5"
3.125,209.995576771762,"ZooHP","ZooHP.5"
3.13333333333333,207.375380475619,"ZooHP","ZooHP.5"
3.14166666666667,209.853611150165,"ZooHP","ZooHP.5"
3.15,210.039114888841,"ZooHP","ZooHP.5"
3.15833333333333,210.968207815964,"ZooHP","ZooHP.5"
3.16666666666667,210.201285155034,"ZooHP","ZooHP.5"
3.175,208.054584096076,"ZooHP","ZooHP.5"
3.18333333333333,209.781353973575,"ZooHP","ZooHP.5"
3.19166666666667,209.269227905841,"ZooHP","ZooHP.5"
3.2,211.517990112844,"ZooHP","ZooHP.5"
3.20833333333333,211.352100992881,"ZooHP","ZooHP.5"
3.21666666666667,209.935029032534,"ZooHP","ZooHP.5"
3.225,208.933792902061,"ZooHP","ZooHP.5"
3.23333333333333,209.918409786911,"ZooHP","ZooHP.5"
3.24166666666667,210.280631977478,"ZooHP","ZooHP.5"
3.25,210.360729477492,"ZooHP","ZooHP.5"
3.25833333333333,209.611370081409,"ZooHP","ZooHP.5"
3.26666666666667,208.502374136963,"ZooHP","ZooHP.5"
3.275,208.246347644718,"ZooHP","ZooHP.5"
3.28333333333333,210.840823317948,"ZooHP","ZooHP.5"
3.29166666666667,209.804565454225,"ZooHP","ZooHP.5"
3.3,208.665570829484,"ZooHP","ZooHP.5"
3.30833333333333,209.917409609727,"ZooHP","ZooHP.5"
3.31666666666667,210.83985145321,"ZooHP","ZooHP.5"
3.325,208.279288295317,"ZooHP","ZooHP.5"
3.33333333333333,210.422893385879,"ZooHP","ZooHP.5"
3.34166666666667,209.079664680106,"ZooHP","ZooHP.5"
3.35,207.66610177303,"ZooHP","ZooHP.5"
3.35833333333333,209.161827246317,"ZooHP","ZooHP.5"
3.36666666666667,210.640805580693,"ZooHP","ZooHP.5"
3.375,209.749996120544,"ZooHP","ZooHP.5"
3.38333333333333,207.760462425521,"ZooHP","ZooHP.5"
3.39166666666667,209.855382563939,"ZooHP","ZooHP.5"
3.4,208.485647947179,"ZooHP","ZooHP.5"
3.40833333333333,209.144637160288,"ZooHP","ZooHP.5"
3.41666666666667,210.511170821013,"ZooHP","ZooHP.5"
0.999999999999999,208.493406639785,"BlankATM","Blank"
1.00833333333333,207.562180426565,"BlankATM","Blank"
1.01666666666667,209.327920122344,"BlankATM","Blank"
1.025,207.784593135091,"BlankATM","Blank"
1.03333333333333,205.246756408765,"BlankATM","Blank"
1.04166666666667,208.600925155611,"BlankATM","Blank"
1.05,208.546117740654,"BlankATM","Blank"
1.05833333333333,207.812905178472,"BlankATM","Blank"
1.06666666666667,209.256972772553,"BlankATM","Blank"
1.075,207.931574644442,"BlankATM","Blank"
1.08333333333333,208.385952571147,"BlankATM","Blank"
1.09166666666667,210.793793604853,"BlankATM","Blank"
1.1,207.984115787296,"BlankATM","Blank"
1.10833333333333,207.584204010071,"BlankATM","Blank"
1.11666666666667,210.401415035114,"BlankATM","Blank"
1.125,208.07554331316,"BlankATM","Blank"
1.13333333333333,207.356824071449,"BlankATM","Blank"
1.14166666666667,209.468715081162,"BlankATM","Blank"
1.15,207.592582978331,"BlankATM","Blank"
1.15833333333333,208.78338741973,"BlankATM","Blank"
1.16666666666667,208.568204313772,"BlankATM","Blank"
1.175,208.828813238807,"BlankATM","Blank"
1.18333333333333,209.142600301619,"BlankATM","Blank"
1.19166666666667,207.196687690155,"BlankATM","Blank"
1.2,211.131196486456,"BlankATM","Blank"
1.20833333333333,207.918947116766,"BlankATM","Blank"
1.21666666666667,210.115044844386,"BlankATM","Blank"
1.225,209.93970348434,"BlankATM","Blank"
1.23333333333333,208.844685521512,"BlankATM","Blank"
1.24166666666667,207.869590283987,"BlankATM","Blank"
1.25,206.824646470619,"BlankATM","Blank"
1.25833333333333,207.763580241118,"BlankATM","Blank"
1.26666666666667,207.407093437884,"BlankATM","Blank"
1.275,207.741532754586,"BlankATM","Blank"
1.28333333333333,209.0125407352,"BlankATM","Blank"
1.29166666666667,207.617751840573,"BlankATM","Blank"
1.3,205.847068147006,"BlankATM","Blank"
1.30833333333333,207.026251425468,"BlankATM","Blank"
1.31666666666667,208.39435375865,"BlankATM","Blank"
1.325,209.622325644328,"BlankATM","Blank"
1.33333333333333,206.978175602096,"BlankATM","Blank"
1.34166666666667,210.172563539176,"BlankATM","Blank"
1.35,209.185021963802,"BlankATM","Blank"
1.35833333333333,208.399626122115,"BlankATM","Blank"
1.36666666666667,205.607428800491,"BlankATM","Blank"
1.375,206.40757759122,"BlankATM","Blank"
1.38333333333333,208.260670867877,"BlankATM","Blank"
1.39166666666667,209.961035464544,"BlankATM","Blank"
1.4,210.008863421347,"BlankATM","Blank"
1.40833333333333,209.721061927238,"BlankATM","Blank"
1.41666666666667,209.012640693927,"BlankATM","Blank"
1.425,207.777215407311,"BlankATM","Blank"
1.43333333333333,208.188078087699,"BlankATM","Blank"
1.44166666666667,208.549240985878,"BlankATM","Blank"
1.45,209.322476545642,"BlankATM","Blank"
1.45833333333333,207.654450529317,"BlankATM","Blank"
1.46666666666667,206.334653154865,"BlankATM","Blank"
1.475,207.429090830917,"BlankATM","Blank"
1.48333333333333,207.230187467291,"BlankATM","Blank"
1.49166666666667,209.428296991295,"BlankATM","Blank"
1.5,208.219592107371,"BlankATM","Blank"
1.50833333333333,211.686853443536,"BlankATM","Blank"
1.51666666666667,208.428029841835,"BlankATM","Blank"
1.525,209.158404021723,"BlankATM","Blank"
1.53333333333333,208.195396531661,"BlankATM","Blank"
1.54166666666667,209.89396455679,"BlankATM","Blank"
1.55,209.417792788672,"BlankATM","Blank"
1.55833333333333,208.436482464326,"BlankATM","Blank"
1.56666666666667,207.626152114587,"BlankATM","Blank"
1.575,208.648315628344,"BlankATM","Blank"
1.58333333333333,208.026116379155,"BlankATM","Blank"
1.59166666666667,209.263190393217,"BlankATM","Blank"
1.6,212.487856350665,"BlankATM","Blank"
1.60833333333333,209.926818911891,"BlankATM","Blank"
1.61666666666667,207.546463161401,"BlankATM","Blank"
1.625,206.764158781035,"BlankATM","Blank"
1.63333333333333,206.983447919593,"BlankATM","Blank"
1.64166666666667,206.092343706527,"BlankATM","Blank"
1.65,208.609278411766,"BlankATM","Blank"
1.65833333333333,209.355244811235,"BlankATM","Blank"
1.66666666666667,209.245200753312,"BlankATM","Blank"
1.675,208.078678164094,"BlankATM","Blank"
1.68333333333333,208.288007385719,"BlankATM","Blank"
1.69166666666667,207.224960873483,"BlankATM","Blank"
1.7,212.038008484751,"BlankATM","Blank"
1.70833333333333,207.550649364153,"BlankATM","Blank"
1.71666666666667,209.470783971533,"BlankATM","Blank"
1.725,208.282740469736,"BlankATM","Blank"
1.73333333333333,210.484344827399,"BlankATM","Blank"
1.74166666666667,210.032085379245,"BlankATM","Blank"
1.75,209.38916832468,"BlankATM","Blank"
1.75833333333333,208.224854923793,"BlankATM","Blank"
1.76666666666667,209.201751872734,"BlankATM","Blank"
1.775,207.276268870921,"BlankATM","Blank"
1.78333333333333,210.347939842326,"BlankATM","Blank"
1.79166666666667,208.001946190734,"BlankATM","Blank"
1.8,207.660743346855,"BlankATM","Blank"
1.80833333333333,205.460249375011,"BlankATM","Blank"
1.81666666666667,206.060057712021,"BlankATM","Blank"
1.825,207.357873481865,"BlankATM","Blank"
1.83333333333333,208.391226332755,"BlankATM","Blank"
1.84166666666667,206.854930772397,"BlankATM","Blank"
1.85,210.46623264052,"BlankATM","Blank"
1.85833333333333,208.317483280528,"BlankATM","Blank"
1.86666666666667,207.527592888574,"BlankATM","Blank"
1.875,209.880205805779,"BlankATM","Blank"
1.88333333333333,207.990386163411,"BlankATM","Blank"
1.89166666666667,207.665995053962,"BlankATM","Blank"
1.9,211.659135448193,"BlankATM","Blank"
1.90833333333333,208.251179329471,"BlankATM","Blank"
1.91666666666667,209.254771346594,"BlankATM","Blank"
1.925,209.764384416646,"BlankATM","Blank"
1.93333333333333,208.693642476508,"BlankATM","Blank"
1.94166666666667,207.697470490958,"BlankATM","Blank"
1.95,207.092169039509,"BlankATM","Blank"
1.95833333333333,209.000911734521,"BlankATM","Blank"
1.96666666666667,207.477311596605,"BlankATM","Blank"
1.975,207.749924562829,"BlankATM","Blank"
1.98333333333333,208.702109639202,"BlankATM","Blank"
1.99166666666667,207.858038716984,"BlankATM","Blank"
2,206.347157524063,"BlankATM","Blank"
2.00833333333333,208.278521786049,"BlankATM","Blank"
2.01666666666667,208.172253380308,"BlankATM","Blank"
2.025,208.618785553,"BlankATM","Blank"
2.03333333333333,211.204948864444,"BlankATM","Blank"
2.04166666666667,209.05698767122,"BlankATM","Blank"
2.05,209.809043416532,"BlankATM","Blank"
2.05833333333333,208.179634994665,"BlankATM","Blank"
2.06666666666667,208.685288573249,"BlankATM","Blank"
2.075,207.259464823004,"BlankATM","Blank"
2.08333333333333,208.81823518499,"BlankATM","Blank"
2.09166666666667,208.588214943064,"BlankATM","Blank"
2.1,211.333316455093,"BlankATM","Blank"
2.10833333333333,207.174727542908,"BlankATM","Blank"
2.11666666666667,207.714244260939,"BlankATM","Blank"
2.125,207.204016881188,"BlankATM","Blank"
2.13333333333333,206.483614075217,"BlankATM","Blank"
2.14166666666667,208.861503086633,"BlankATM","Blank"
2.15,209.182824808439,"BlankATM","Blank"
2.15833333333333,210.111954981403,"BlankATM","Blank"
2.16666666666667,210.603767907517,"BlankATM","Blank"
2.175,209.623361828782,"BlankATM","Blank"
2.18333333333333,208.597727740303,"BlankATM","Blank"
2.19166666666667,206.464844736221,"BlankATM","Blank"
2.2,208.373322905021,"BlankATM","Blank"
2.20833333333333,205.744250297538,"BlankATM","Blank"
2.21666666666667,209.217757743299,"BlankATM","Blank"
2.225,208.201739214555,"BlankATM","Blank"
2.23333333333333,207.951522762798,"BlankATM","Blank"
2.24166666666667,207.268891688086,"BlankATM","Blank"
2.25,206.372169597248,"BlankATM","Blank"
2.25833333333333,207.090054688424,"BlankATM","Blank"
2.26666666666667,207.367312113792,"BlankATM","Blank"
2.275,205.577345062207,"BlankATM","Blank"
2.28333333333333,207.099442158047,"BlankATM","Blank"
2.29166666666667,208.075514854584,"BlankATM","Blank"
2.3,209.827089713459,"BlankATM","Blank"
2.30833333333333,207.109888063521,"BlankATM","Blank"
2.31666666666667,207.577901037524,"BlankATM","Blank"
2.325,206.323206586354,"BlankATM","Blank"
2.33333333333333,207.028358125647,"BlankATM","Blank"
2.34166666666667,207.376725426277,"BlankATM","Blank"
2.35,207.997763649079,"BlankATM","Blank"
2.35833333333333,209.055949798195,"BlankATM","Blank"
2.36666666666667,206.851773714518,"BlankATM","Blank"
2.375,208.01350717234,"BlankATM","Blank"
2.38333333333333,210.036387172442,"BlankATM","Blank"
2.39166666666667,206.841342318346,"BlankATM","Blank"
2.4,209.055949798195,"BlankATM","Blank"
2.40833333333333,207.713197203684,"BlankATM","Blank"
2.41666666666667,208.963945195522,"BlankATM","Blank"
2.425,209.652027635629,"BlankATM","Blank"
2.43333333333333,207.325430216936,"BlankATM","Blank"
2.44166666666667,208.491258894314,"BlankATM","Blank"
2.45,207.486726582254,"BlankATM","Blank"
2.45833333333333,207.890588365154,"BlankATM","Blank"
2.46666666666667,208.097598206155,"BlankATM","Blank"
2.475,205.733903391554,"BlankATM","Blank"
2.48333333333333,207.30342932851,"BlankATM","Blank"
2.49166666666667,208.014554849543,"BlankATM","Blank"
2.5,208.498623734454,"BlankATM","Blank"
2.50833333333333,207.179954188457,"BlankATM","Blank"
2.51666666666667,206.638889680904,"BlankATM","Blank"
2.525,205.836595647994,"BlankATM","Blank"
2.53333333333333,208.209093313932,"BlankATM","Blank"
2.54166666666667,208.359594111064,"BlankATM","Blank"
2.55,208.155444762336,"BlankATM","Blank"
2.55833333333333,209.21349076415,"BlankATM","Blank"
2.56666666666667,206.85598506325,"BlankATM","Blank"
2.575,207.250084237976,"BlankATM","Blank"
2.58333333333333,207.095275257768,"BlankATM","Blank"
2.59166666666667,206.964629793338,"BlankATM","Blank"
2.6,207.675428719601,"BlankATM","Blank"
2.60833333333333,210.0129855682,"BlankATM","Blank"
2.61666666666667,208.916404268857,"BlankATM","Blank"
2.625,209.274838156573,"BlankATM","Blank"
2.63333333333333,207.489859891039,"BlankATM","Blank"
2.64166666666667,209.033721263891,"BlankATM","Blank"
2.65,207.743624844845,"BlankATM","Blank"
2.65833333333333,209.486595250349,"BlankATM","Blank"
2.66666666666667,209.25788672252,"BlankATM","Blank"
2.675,207.199841975437,"BlankATM","Blank"
2.68333333333333,208.409131549236,"BlankATM","Blank"
2.69166666666667,208.066066204281,"BlankATM","Blank"
2.7,207.9357563363,"BlankATM","Blank"
2.70833333333333,208.644142777171,"BlankATM","Blank"
2.71666666666667,207.02204967291,"BlankATM","Blank"
2.725,207.418616415358,"BlankATM","Blank"
2.73333333333333,206.911303502293,"BlankATM","Blank"
2.74166666666667,207.696408844867,"BlankATM","Blank"
2.75,207.219702882037,"BlankATM","Blank"
2.75833333333333,207.686977181283,"BlankATM","Blank"
2.76666666666667,210.841846766719,"BlankATM","Blank"
2.775,209.835678910128,"BlankATM","Blank"
2.78333333333333,207.100459834707,"BlankATM","Blank"
2.79166666666667,207.462613706507,"BlankATM","Blank"
2.8,208.170194873195,"BlankATM","Blank"
2.80833333333333,208.300685953777,"BlankATM","Blank"
2.81666666666667,208.907989614886,"BlankATM","Blank"
2.825,208.7116310336,"BlankATM","Blank"
2.83333333333333,208.417531648749,"BlankATM","Blank"
2.84166666666667,208.388037931003,"BlankATM","Blank"
2.85,206.789154567281,"BlankATM","Blank"
2.85833333333333,206.922840599182,"BlankATM","Blank"
2.86666666666667,207.877986890024,"BlankATM","Blank"
2.875,207.466810490172,"BlankATM","Blank"
2.88333333333333,207.803448022602,"BlankATM","Blank"
2.89166666666667,208.928027760139,"BlankATM","Blank"
2.9,208.826648302706,"BlankATM","Blank"
2.90833333333333,205.00914513677,"BlankATM","Blank"
2.91666666666667,207.59572456512,"BlankATM","Blank"
2.925,208.081848854166,"BlankATM","Blank"
2.93333333333333,207.222854759926,"BlankATM","Blank"
2.94166666666667,209.354204719005,"BlankATM","Blank"
2.95,208.185944442169,"BlankATM","Blank"
2.95833333333333,207.341124078433,"BlankATM","Blank"
2.96666666666667,206.763041157824,"BlankATM","Blank"
2.975,208.625173656252,"BlankATM","Blank"
2.98333333333333,208.173325827603,"BlankATM","Blank"
2.99166666666667,208.758076845561,"BlankATM","Blank"
3,206.433568065315,"BlankATM","Blank"
3.00833333333333,209.931278426583,"BlankATM","Blank"
3.01666666666667,205.997631830668,"BlankATM","Blank"
3.025,207.780354294369,"BlankATM","Blank"
3.03333333333333,207.252151726878,"BlankATM","Blank"
3.04166666666667,208.241738446759,"BlankATM","Blank"
3.05,206.629528321521,"BlankATM","Blank"
3.05833333333333,206.862253617546,"BlankATM","Blank"
3.06666666666667,207.12977152067,"BlankATM","Blank"
3.075,206.530503982978,"BlankATM","Blank"
3.08333333333333,206.824646470619,"BlankATM","Blank"
3.09166666666667,206.814220480072,"BlankATM","Blank"
3.1,208.808702494608,"BlankATM","Blank"
3.10833333333333,207.907392953844,"BlankATM","Blank"
3.11666666666666,206.271179273772,"BlankATM","Blank"
3.125,208.733810900598,"BlankATM","Blank"
3.13333333333333,205.621869047404,"BlankATM","Blank"
3.14166666666667,207.146496104793,"BlankATM","Blank"
3.15,208.467027838606,"BlankATM","Blank"
3.15833333333333,206.715093942198,"BlankATM","Blank"
3.16666666666667,208.220669184568,"BlankATM","Blank"
3.175,208.61669609019,"BlankATM","Blank"
3.18333333333333,207.016865057002,"BlankATM","Blank"
3.19166666666667,209.245200753312,"BlankATM","Blank"
3.2,207.631376950356,"BlankATM","Blank"
3.20833333333333,209.212453329322,"BlankATM","Blank"
3.21666666666667,207.941011125582,"BlankATM","Blank"
3.225,208.101812274916,"BlankATM","Blank"
3.23333333333333,207.03564422099,"BlankATM","Blank"
3.24166666666667,207.764624010003,"BlankATM","Blank"
3.25,206.326290332884,"BlankATM","Blank"
3.25833333333333,207.344258076188,"BlankATM","Blank"
3.26666666666667,207.162172000919,"BlankATM","Blank"
3.275,205.463285161302,"BlankATM","Blank"
3.28333333333333,208.609330058485,"BlankATM","Blank"
3.29166666666667,209.081295973864,"BlankATM","Blank"
3.3,210.201140241986,"BlankATM","Blank"
3.30833333333333,207.853836052692,"BlankATM","Blank"
3.31666666666667,208.075514854584,"BlankATM","Blank"
3.325,207.396631983059,"BlankATM","Blank"
3.33333333333333,208.37431842546,"BlankATM","Blank"
3.34166666666667,207.281494725968,"BlankATM","Blank"
3.35,206.450307338076,"BlankATM","Blank"
3.35833333333333,208.204874467478,"BlankATM","Blank"
3.36666666666667,205.911444048275,"BlankATM","Blank"
3.375,207.978827090208,"BlankATM","Blank"
3.38333333333333,207.063896604947,"BlankATM","Blank"
3.39166666666667,207.266792676018,"BlankATM","Blank"
3.4,208.069238052404,"BlankATM","Blank"
3.40833333333333,209.017938983192,"BlankATM","Blank"
3.41666666666667,207.829688383045,"BlankATM","Blank"
1.00002777777778,222.923620663268,"ZooATM","Zoo.4"
1.00836138888889,223.187227857502,"ZooATM","Zoo.4"
1.01674555555555,222.998223679732,"ZooATM","Zoo.4"
1.02502972222222,222.873127603311,"ZooATM","Zoo.4"
1.03341222222222,222.906540519886,"ZooATM","Zoo.4"
1.04169694444444,222.883886156571,"ZooATM","Zoo.4"
1.05002944444444,222.947258647771,"ZooATM","Zoo.4"
1.05836305555556,223.17699228157,"ZooATM","Zoo.4"
1.06669666666667,223.147550366553,"ZooATM","Zoo.4"
1.07497388888889,222.819435623862,"ZooATM","Zoo.4"
1.08336416666667,222.985232094948,"ZooATM","Zoo.4"
1.09169666666667,222.898819147878,"ZooATM","Zoo.4"
1.10003138888889,223.072394009884,"ZooATM","Zoo.4"
1.108365,223.042972132443,"ZooATM","Zoo.4"
1.11669805555555,223.13345019885,"ZooATM","Zoo.4"
1.1250325,223.136905121277,"ZooATM","Zoo.4"
1.13336583333333,223.212918781303,"ZooATM","Zoo.4"
1.14169833333333,222.95239982507,"ZooATM","Zoo.4"
1.15003333333333,222.83123658795,"ZooATM","Zoo.4"
1.15836611111111,222.788339870437,"ZooATM","Zoo.4"
1.16669777777778,223.07874925202,"ZooATM","Zoo.4"
1.17503305555556,223.136366925191,"ZooATM","Zoo.4"
1.18336527777778,222.997709817149,"ZooATM","Zoo.4"
1.1917,223.092029247227,"ZooATM","Zoo.4"
1.20003333333333,223.10707820624,"ZooATM","Zoo.4"
1.20836638888889,222.96844958442,"ZooATM","Zoo.4"
1.21670027777778,223.121730202616,"ZooATM","Zoo.4"
1.2250325,223.130981851104,"ZooATM","Zoo.4"
1.23336666666667,222.989428719485,"ZooATM","Zoo.4"
1.24169944444444,222.961000612358,"ZooATM","Zoo.4"
1.25003388888889,222.932579098962,"ZooATM","Zoo.4"
1.25836666666667,222.951507587046,"ZooATM","Zoo.4"
1.26669944444444,223.019695086996,"ZooATM","Zoo.4"
1.27503472222222,222.821281741751,"ZooATM","Zoo.4"
1.28336888888889,222.989862205742,"ZooATM","Zoo.4"
1.29170222222222,222.975935673818,"ZooATM","Zoo.4"
1.30003444444444,223.045100121619,"ZooATM","Zoo.4"
1.30836944444444,223.163585077367,"ZooATM","Zoo.4"
1.31670305555555,222.958274594264,"ZooATM","Zoo.4"
1.32503638888889,222.842983479388,"ZooATM","Zoo.4"
1.33337,222.822325933521,"ZooATM","Zoo.4"
1.34170305555555,223.071088192583,"ZooATM","Zoo.4"
1.35003777777778,222.957637576511,"ZooATM","Zoo.4"
1.35837027777778,223.178512933508,"ZooATM","Zoo.4"
1.36670333333333,223.100780338392,"ZooATM","Zoo.4"
1.37503666666667,223.29763139891,"ZooATM","Zoo.4"
1.38337055555556,223.183077978646,"ZooATM","Zoo.4"
1.39170388888889,223.004833708862,"ZooATM","Zoo.4"
1.4000375,222.890461626994,"ZooATM","Zoo.4"
1.40837138888889,223.154769605472,"ZooATM","Zoo.4"
1.416705,223.114739747427,"ZooATM","Zoo.4"
1.4250375,222.770595021455,"ZooATM","Zoo.4"
1.43337055555556,223.067514634876,"ZooATM","Zoo.4"
1.44170555555555,223.258511429863,"ZooATM","Zoo.4"
1.45003833333333,222.775180281858,"ZooATM","Zoo.4"
1.45837277777778,223.115614042891,"ZooATM","Zoo.4"
1.46670583333333,222.911401099606,"ZooATM","Zoo.4"
1.47503805555555,223.010430420984,"ZooATM","Zoo.4"
1.48342305555555,223.078628175357,"ZooATM","Zoo.4"
1.49175694444444,223.056972787747,"ZooATM","Zoo.4"
1.50008888888889,222.969639299676,"ZooATM","Zoo.4"
1.50842277777778,223.12282572114,"ZooATM","Zoo.4"
1.51675666666667,222.42989863141,"ZooATM","Zoo.4"
1.52508861111111,222.48535793152,"ZooATM","Zoo.4"
1.53342416666667,222.13097482148,"ZooATM","Zoo.4"
1.54175861111111,221.437020391851,"ZooATM","Zoo.4"
1.55009166666667,221.875704035837,"ZooATM","Zoo.4"
1.55842472222222,221.645993338305,"ZooATM","Zoo.4"
1.56675916666667,221.892114178767,"ZooATM","Zoo.4"
1.57509138888889,221.760254075516,"ZooATM","Zoo.4"
1.58342555555555,221.834716812705,"ZooATM","Zoo.4"
1.59175777777778,221.788322774151,"ZooATM","Zoo.4"
1.60004194444444,221.732235433114,"ZooATM","Zoo.4"
1.60837583333333,221.711768033065,"ZooATM","Zoo.4"
1.61670972222222,221.997339305265,"ZooATM","Zoo.4"
1.62504305555556,221.874125581935,"ZooATM","Zoo.4"
1.63337666666667,220.868911401788,"ZooATM","Zoo.4"
1.64171,221.407588161607,"ZooATM","Zoo.4"
1.65004333333333,221.100305735378,"ZooATM","Zoo.4"
1.65837583333333,220.721949524504,"ZooATM","Zoo.4"
1.66671083333333,220.820783610531,"ZooATM","Zoo.4"
1.67504416666666,220.827930819199,"ZooATM","Zoo.4"
1.68337694444444,221.174181450276,"ZooATM","Zoo.4"
1.69171138888889,221.018060987827,"ZooATM","Zoo.4"
1.70004527777778,221.0808201559,"ZooATM","Zoo.4"
1.70837916666667,221.3415287645,"ZooATM","Zoo.4"
1.71671222222222,221.319142488237,"ZooATM","Zoo.4"
1.72504583333333,221.409569335808,"ZooATM","Zoo.4"
1.73338,221.325055182737,"ZooATM","Zoo.4"
1.74171194444444,221.527618081766,"ZooATM","Zoo.4"
1.75004666666667,221.740851494695,"ZooATM","Zoo.4"
1.75837972222222,221.775931411272,"ZooATM","Zoo.4"
1.76676416666667,221.62706056951,"ZooATM","Zoo.4"
1.77509583333333,221.471585012684,"ZooATM","Zoo.4"
1.78342861111111,221.595653614294,"ZooATM","Zoo.4"
1.79176361111111,221.355966137571,"ZooATM","Zoo.4"
1.80009666666667,221.518247947281,"ZooATM","Zoo.4"
1.80843055555556,221.397164843373,"ZooATM","Zoo.4"
1.81676472222222,221.237174847873,"ZooATM","Zoo.4"
1.82509666666667,220.923604513545,"ZooATM","Zoo.4"
1.83343055555556,220.584854807181,"ZooATM","Zoo.4"
1.84176972222222,220.556900618867,"ZooATM","Zoo.4"
1.85009694444444,220.513573144306,"ZooATM","Zoo.4"
1.85843277777778,220.72092101736,"ZooATM","Zoo.4"
1.86676694444444,216.477780401562,"ZooATM","Zoo.4"
1.87509861111111,220.675333389449,"ZooATM","Zoo.4"
1.88343277777778,220.043276726502,"ZooATM","Zoo.4"
1.89176555555555,220.461373999017,"ZooATM","Zoo.4"
1.90010111111111,220.340324608907,"ZooATM","Zoo.4"
1.90843388888889,220.394173097373,"ZooATM","Zoo.4"
1.91676694444444,220.391957183047,"ZooATM","Zoo.4"
1.92510166666667,220.457164435353,"ZooATM","Zoo.4"
1.93343472222222,220.21801907501,"ZooATM","Zoo.4"
1.9417725,219.432516842714,"ZooATM","Zoo.4"
1.95010083333333,219.442616591261,"ZooATM","Zoo.4"
1.95843416666667,219.932175145203,"ZooATM","Zoo.4"
1.96676861111111,220.200495326763,"ZooATM","Zoo.4"
1.97505222222222,220.135602478482,"ZooATM","Zoo.4"
1.98343444444444,220.140086599246,"ZooATM","Zoo.4"
1.99177,220.142532589514,"ZooATM","Zoo.4"
2.00010361111111,220.343740755799,"ZooATM","Zoo.4"
2.00843555555555,220.271141213906,"ZooATM","Zoo.4"
2.01676972222222,220.286933136016,"ZooATM","Zoo.4"
2.025105,220.327406152342,"ZooATM","Zoo.4"
2.03343805555555,220.438307601486,"ZooATM","Zoo.4"
2.04177222222222,220.287604257577,"ZooATM","Zoo.4"
2.05010555555556,220.310070456112,"ZooATM","Zoo.4"
2.05843833333333,220.106518937997,"ZooATM","Zoo.4"
2.06677138888889,220.225971941696,"ZooATM","Zoo.4"
2.07510583333333,220.343475416258,"ZooATM","Zoo.4"
2.08343861111111,220.085570176152,"ZooATM","Zoo.4"
2.09177194444444,220.045399250807,"ZooATM","Zoo.4"
2.10010694444444,220.035525797295,"ZooATM","Zoo.4"
2.10844,220.159573365275,"ZooATM","Zoo.4"
2.11677472222222,220.060408337334,"ZooATM","Zoo.4"
2.1251075,220.081839105988,"ZooATM","Zoo.4"
2.13344194444444,220.06995327146,"ZooATM","Zoo.4"
2.14177555555555,219.972852193013,"ZooATM","Zoo.4"
2.15010722222222,219.95733227431,"ZooATM","Zoo.4"
2.15844083333333,220.0576888616,"ZooATM","Zoo.4"
2.16677583333333,219.95394649701,"ZooATM","Zoo.4"
2.17510861111111,219.754479997133,"ZooATM","Zoo.4"
2.18344083333333,219.770231230898,"ZooATM","Zoo.4"
2.19177472222222,219.722481351668,"ZooATM","Zoo.4"
2.20010972222222,219.731579160134,"ZooATM","Zoo.4"
2.20839416666667,219.719694592942,"ZooATM","Zoo.4"
2.21672694444444,219.750763355672,"ZooATM","Zoo.4"
2.22510944444444,219.838722588707,"ZooATM","Zoo.4"
2.23344555555556,219.842178202027,"ZooATM","Zoo.4"
2.24177722222222,219.782116497837,"ZooATM","Zoo.4"
2.25011,219.67653184996,"ZooATM","Zoo.4"
2.25844472222222,219.762413428139,"ZooATM","Zoo.4"
2.26677805555556,219.714673692607,"ZooATM","Zoo.4"
2.27511333333333,219.581964586624,"ZooATM","Zoo.4"
2.28344694444444,219.508708125084,"ZooATM","Zoo.4"
2.29178305555555,219.580203756593,"ZooATM","Zoo.4"
2.30011305555556,219.700294293032,"ZooATM","Zoo.4"
2.30844722222222,219.558944263189,"ZooATM","Zoo.4"
2.31678111111111,219.460144106169,"ZooATM","Zoo.4"
2.32511361111111,219.512691921676,"ZooATM","Zoo.4"
2.33345305555556,219.510517721396,"ZooATM","Zoo.4"
2.34177972222222,219.699642224435,"ZooATM","Zoo.4"
2.35011444444444,219.809088071725,"ZooATM","Zoo.4"
2.35844916666667,219.925257341746,"ZooATM","Zoo.4"
2.36678222222222,219.611293567644,"ZooATM","Zoo.4"
2.37511527777778,219.722711367698,"ZooATM","Zoo.4"
2.38344833333333,219.479111582109,"ZooATM","Zoo.4"
2.39178361111111,219.388021760955,"ZooATM","Zoo.4"
2.40011555555556,219.59592979538,"ZooATM","Zoo.4"
2.40845444444444,219.363765863327,"ZooATM","Zoo.4"
2.41678138888889,219.166056680311,"ZooATM","Zoo.4"
2.42511666666667,218.750035853663,"ZooATM","Zoo.4"
2.43345583333333,218.565220598911,"ZooATM","Zoo.4"
2.44178472222222,218.581900745622,"ZooATM","Zoo.4"
2.45011888888889,218.772618200293,"ZooATM","Zoo.4"
2.45845305555556,218.687501750709,"ZooATM","Zoo.4"
2.46678638888889,218.50275934148,"ZooATM","Zoo.4"
2.47512027777778,218.499603349031,"ZooATM","Zoo.4"
2.48345416666667,218.633751146347,"ZooATM","Zoo.4"
2.49178555555555,218.816878505759,"ZooATM","Zoo.4"
2.50012111111111,218.706299574342,"ZooATM","Zoo.4"
2.50845972222222,218.86708406429,"ZooATM","Zoo.4"
2.51678888888889,218.683182684566,"ZooATM","Zoo.4"
2.5250725,218.748707236966,"ZooATM","Zoo.4"
2.53340666666667,218.757762939796,"ZooATM","Zoo.4"
2.54173916666667,218.631457365446,"ZooATM","Zoo.4"
2.55007333333333,218.661367150578,"ZooATM","Zoo.4"
2.55840527777778,218.746745716043,"ZooATM","Zoo.4"
2.56674,218.862205850783,"ZooATM","Zoo.4"
2.57507388888889,218.613231421271,"ZooATM","Zoo.4"
2.5834075,218.71741351279,"ZooATM","Zoo.4"
2.59174,218.395487107919,"ZooATM","Zoo.4"
2.6000725,218.686669819519,"ZooATM","Zoo.4"
2.60840722222222,218.639255493408,"ZooATM","Zoo.4"
2.61674111111111,218.59083736523,"ZooATM","Zoo.4"
2.62507527777778,218.784561797321,"ZooATM","Zoo.4"
2.63335194444444,218.514362695803,"ZooATM","Zoo.4"
2.64174305555555,218.661725112219,"ZooATM","Zoo.4"
2.65007472222222,218.666199635294,"ZooATM","Zoo.4"
2.65840972222222,219.069872391914,"ZooATM","Zoo.4"
2.66674305555555,218.328073891321,"ZooATM","Zoo.4"
2.67507611111111,218.018044277026,"ZooATM","Zoo.4"
2.68341055555556,218.033659130447,"ZooATM","Zoo.4"
2.69174194444444,218.37954540436,"ZooATM","Zoo.4"
2.70007694444444,218.21295665988,"ZooATM","Zoo.4"
2.70841083333333,218.268179004325,"ZooATM","Zoo.4"
2.7166875,218.222910741042,"ZooATM","Zoo.4"
2.72512861111111,218.170104656725,"ZooATM","Zoo.4"
2.73346083333333,218.071112448944,"ZooATM","Zoo.4"
2.74179583333333,218.231272364118,"ZooATM","Zoo.4"
2.75012916666667,218.2545220367,"ZooATM","Zoo.4"
2.75846166666667,218.188471085397,"ZooATM","Zoo.4"
2.76679583333333,218.284760371514,"ZooATM","Zoo.4"
2.77513027777778,218.212104527589,"ZooATM","Zoo.4"
2.78346416666667,218.21555921972,"ZooATM","Zoo.4"
2.79179777777778,218.129289186521,"ZooATM","Zoo.4"
2.80013083333333,217.569819422656,"ZooATM","Zoo.4"
2.80841555555555,217.778056406278,"ZooATM","Zoo.4"
2.8167475,218.379567237133,"ZooATM","Zoo.4"
2.82508138888889,218.176513564457,"ZooATM","Zoo.4"
2.83341611111111,218.118117532074,"ZooATM","Zoo.4"
2.84174888888889,218.20423109766,"ZooATM","Zoo.4"
2.85008277777778,218.214281860039,"ZooATM","Zoo.4"
2.85841555555555,217.364556608171,"ZooATM","Zoo.4"
2.86674972222222,217.270129021324,"ZooATM","Zoo.4"
2.87508388888889,216.61582386033,"ZooATM","Zoo.4"
2.88341777777778,217.04209385147,"ZooATM","Zoo.4"
2.89175027777778,216.813331129833,"ZooATM","Zoo.4"
2.90008361111111,216.887831487884,"ZooATM","Zoo.4"
2.90841833333333,217.945054103215,"ZooATM","Zoo.4"
2.91680111111111,216.518110521412,"ZooATM","Zoo.4"
2.92513472222222,215.730479313895,"ZooATM","Zoo.4"
2.93341944444444,216.643116448083,"ZooATM","Zoo.4"
2.9417525,216.611451339188,"ZooATM","Zoo.4"
2.95008583333333,216.187667948578,"ZooATM","Zoo.4"
2.95842055555555,215.933647884551,"ZooATM","Zoo.4"
2.96675305555555,216.633866714998,"ZooATM","Zoo.4"
2.97508416666667,216.571871850252,"ZooATM","Zoo.4"
2.98341944444444,217.115313411007,"ZooATM","Zoo.4"
2.99175361111111,216.485841580949,"ZooATM","Zoo.4"
3.00008666666667,215.304862601137,"ZooATM","Zoo.4"
3.00842083333333,215.836967267555,"ZooATM","Zoo.4"
3.01675527777778,216.295321523343,"ZooATM","Zoo.4"
3.02508833333333,216.239677938583,"ZooATM","Zoo.4"
3.03336555555556,216.274733603181,"ZooATM","Zoo.4"
3.04169861111111,216.248646148789,"ZooATM","Zoo.4"
3.05003194444445,216.014419586666,"ZooATM","Zoo.4"
3.05836583333333,215.861065627969,"ZooATM","Zoo.4"
3.06669888888889,215.934166115828,"ZooATM","Zoo.4"
3.07503277777778,216.191658498493,"ZooATM","Zoo.4"
3.08336583333333,216.101345198618,"ZooATM","Zoo.4"
3.09169944444444,216.182393763881,"ZooATM","Zoo.4"
3.10003305555556,216.016905832537,"ZooATM","Zoo.4"
3.10836638888889,216.161851112482,"ZooATM","Zoo.4"
3.11670027777778,216.247075598032,"ZooATM","Zoo.4"
3.12503388888889,216.151256350569,"ZooATM","Zoo.4"
3.1333675,216.060973941348,"ZooATM","Zoo.4"
3.14170166666667,216.049023532728,"ZooATM","Zoo.4"
3.15003416666666,216.467179561821,"ZooATM","Zoo.4"
3.1583675,216.111537149548,"ZooATM","Zoo.4"
3.16670277777778,216.028851256952,"ZooATM","Zoo.4"
3.17503638888889,216.135942545793,"ZooATM","Zoo.4"
3.18337,216.046721299734,"ZooATM","Zoo.4"
3.19170388888889,216.217026322647,"ZooATM","Zoo.4"
3.20003777777778,216.183389998537,"ZooATM","Zoo.4"
3.20842138888889,216.100696616709,"ZooATM","Zoo.4"
3.216705,215.973388909546,"ZooATM","Zoo.4"
3.22503888888889,216.198199353854,"ZooATM","Zoo.4"
3.23337277777778,216.16665271303,"ZooATM","Zoo.4"
3.24170472222222,216.044806863022,"ZooATM","Zoo.4"
3.25003805555556,215.825015012334,"ZooATM","Zoo.4"
3.25837194444444,215.693507359393,"ZooATM","Zoo.4"
3.26670666666666,215.970118322083,"ZooATM","Zoo.4"
3.27503972222222,215.937583218246,"ZooATM","Zoo.4"
3.28337305555555,215.965029630798,"ZooATM","Zoo.4"
3.29170722222222,216.065534670358,"ZooATM","Zoo.4"
3.30003916666666,216.336139748381,"ZooATM","Zoo.4"
3.30837361111111,216.089670797521,"ZooATM","Zoo.4"
3.31670638888889,216.24689925685,"ZooATM","Zoo.4"
3.32503972222222,216.288491713969,"ZooATM","Zoo.4"
3.333375,216.274446307748,"ZooATM","Zoo.4"
3.34170833333333,216.185194010595,"ZooATM","Zoo.4"
3.35004166666667,216.069890020518,"ZooATM","Zoo.4"
3.35837444444444,216.145367732201,"ZooATM","Zoo.4"
3.36670805555556,215.852538368517,"ZooATM","Zoo.4"
3.37504138888889,215.798400135493,"ZooATM","Zoo.4"
3.383375,215.875859352305,"ZooATM","Zoo.4"
3.39170861111111,215.853249930631,"ZooATM","Zoo.4"
3.40004222222222,215.715254576689,"ZooATM","Zoo.4"
1.00002777777778,219.192182272081,"ZooATM","Zoo.5"
1.00836138888889,218.996028056222,"ZooATM","Zoo.5"
1.01674555555555,218.377109951317,"ZooATM","Zoo.5"
1.02502972222222,218.424892646579,"ZooATM","Zoo.5"
1.03341222222222,217.929915869341,"ZooATM","Zoo.5"
1.04169694444444,218.020827185024,"ZooATM","Zoo.5"
1.05002944444444,217.687834067078,"ZooATM","Zoo.5"
1.05836305555556,218.061824482241,"ZooATM","Zoo.5"
1.06669666666667,217.84510357656,"ZooATM","Zoo.5"
1.07497388888889,217.883086949021,"ZooATM","Zoo.5"
1.08336416666667,217.725002022206,"ZooATM","Zoo.5"
1.09169666666667,217.697482053348,"ZooATM","Zoo.5"
1.10003138888889,217.941779774055,"ZooATM","Zoo.5"
1.108365,217.894397813141,"ZooATM","Zoo.5"
1.11669805555555,217.794180065946,"ZooATM","Zoo.5"
1.1250325,217.703678333427,"ZooATM","Zoo.5"
1.13336583333333,217.721358178039,"ZooATM","Zoo.5"
1.14169833333333,217.524862071542,"ZooATM","Zoo.5"
1.15003333333333,217.688655180114,"ZooATM","Zoo.5"
1.15836611111111,217.64692637239,"ZooATM","Zoo.5"
1.16669777777778,217.553993216676,"ZooATM","Zoo.5"
1.17503305555556,217.553924727191,"ZooATM","Zoo.5"
1.18336527777778,217.90770532597,"ZooATM","Zoo.5"
1.1917,217.661298101515,"ZooATM","Zoo.5"
1.20003333333333,217.469446444078,"ZooATM","Zoo.5"
1.20836638888889,217.522588414336,"ZooATM","Zoo.5"
1.21670027777778,217.333967256078,"ZooATM","Zoo.5"
1.2250325,217.755822087747,"ZooATM","Zoo.5"
1.23336666666667,217.693256332178,"ZooATM","Zoo.5"
1.24169944444444,217.722093453109,"ZooATM","Zoo.5"
1.25003388888889,217.356859212364,"ZooATM","Zoo.5"
1.25836666666667,217.544340884406,"ZooATM","Zoo.5"
1.26669944444444,217.967664491197,"ZooATM","Zoo.5"
1.27503472222222,217.774503647386,"ZooATM","Zoo.5"
1.28336888888889,217.656629695479,"ZooATM","Zoo.5"
1.29170222222222,217.662127451153,"ZooATM","Zoo.5"
1.30003444444444,217.54182540728,"ZooATM","Zoo.5"
1.30836944444444,217.39422214191,"ZooATM","Zoo.5"
1.31670305555555,217.701402219235,"ZooATM","Zoo.5"
1.32503638888889,217.570952261782,"ZooATM","Zoo.5"
1.33337,217.476072778164,"ZooATM","Zoo.5"
1.34170305555555,217.455210150506,"ZooATM","Zoo.5"
1.35003777777778,217.588938476498,"ZooATM","Zoo.5"
1.35837027777778,218.575311587959,"ZooATM","Zoo.5"
1.36670333333333,218.499750740727,"ZooATM","Zoo.5"
1.37503666666667,218.070024231397,"ZooATM","Zoo.5"
1.38337055555556,218.033813933079,"ZooATM","Zoo.5"
1.39170388888889,217.728957202522,"ZooATM","Zoo.5"
1.4000375,217.636504537747,"ZooATM","Zoo.5"
1.40837138888889,217.612093942883,"ZooATM","Zoo.5"
1.416705,217.686072854501,"ZooATM","Zoo.5"
1.4250375,217.089835746306,"ZooATM","Zoo.5"
1.43337055555556,217.433884167022,"ZooATM","Zoo.5"
1.44170555555555,217.319342717801,"ZooATM","Zoo.5"
1.45003833333333,216.982431030135,"ZooATM","Zoo.5"
1.45837277777778,217.387608686238,"ZooATM","Zoo.5"
1.46670583333333,217.096012698706,"ZooATM","Zoo.5"
1.47503805555555,216.892755989414,"ZooATM","Zoo.5"
1.48342305555555,217.145912155645,"ZooATM","Zoo.5"
1.49175694444444,217.312304108344,"ZooATM","Zoo.5"
1.50008888888889,216.872342012556,"ZooATM","Zoo.5"
1.50842277777778,217.095632424143,"ZooATM","Zoo.5"
1.51675666666667,217.134437248757,"ZooATM","Zoo.5"
1.52508861111111,217.282080876112,"ZooATM","Zoo.5"
1.53342416666667,217.031186633717,"ZooATM","Zoo.5"
1.54175861111111,216.953286833806,"ZooATM","Zoo.5"
1.55009166666667,217.100780160949,"ZooATM","Zoo.5"
1.55842472222222,217.288283885238,"ZooATM","Zoo.5"
1.56675916666667,216.929744200126,"ZooATM","Zoo.5"
1.57509138888889,216.558789076283,"ZooATM","Zoo.5"
1.58342555555555,216.911393465925,"ZooATM","Zoo.5"
1.59175777777778,216.418634525777,"ZooATM","Zoo.5"
1.60004194444444,216.531836069377,"ZooATM","Zoo.5"
1.60837583333333,216.269956198235,"ZooATM","Zoo.5"
1.61670972222222,216.435535724896,"ZooATM","Zoo.5"
1.62504305555556,216.372061432125,"ZooATM","Zoo.5"
1.63337666666667,216.586060248576,"ZooATM","Zoo.5"
1.64171,216.403115796111,"ZooATM","Zoo.5"
1.65004333333333,216.234505642644,"ZooATM","Zoo.5"
1.65837583333333,215.773237678759,"ZooATM","Zoo.5"
1.66671083333333,216.073979035301,"ZooATM","Zoo.5"
1.67504416666666,216.397265122901,"ZooATM","Zoo.5"
1.68337694444444,215.934551218485,"ZooATM","Zoo.5"
1.69171138888889,215.912885133842,"ZooATM","Zoo.5"
1.70004527777778,215.992755364266,"ZooATM","Zoo.5"
1.70837916666667,216.8244843512,"ZooATM","Zoo.5"
1.71671222222222,215.778855816321,"ZooATM","Zoo.5"
1.72504583333333,215.551060278673,"ZooATM","Zoo.5"
1.73338,214.821953165859,"ZooATM","Zoo.5"
1.74171194444444,215.517507826131,"ZooATM","Zoo.5"
1.75004666666667,215.668261419239,"ZooATM","Zoo.5"
1.75837972222222,215.498305801978,"ZooATM","Zoo.5"
1.76676416666667,215.169534726134,"ZooATM","Zoo.5"
1.77509583333333,215.556412498605,"ZooATM","Zoo.5"
1.78342861111111,215.658065015447,"ZooATM","Zoo.5"
1.79176361111111,215.592823238836,"ZooATM","Zoo.5"
1.80009666666667,215.527605659441,"ZooATM","Zoo.5"
1.80843055555556,215.502861091319,"ZooATM","Zoo.5"
1.81676472222222,215.570541384343,"ZooATM","Zoo.5"
1.82509666666667,216.17578679643,"ZooATM","Zoo.5"
1.83343055555556,215.790116626564,"ZooATM","Zoo.5"
1.84176972222222,215.318178972138,"ZooATM","Zoo.5"
1.85009694444444,215.238980459617,"ZooATM","Zoo.5"
1.85843277777778,215.181468113768,"ZooATM","Zoo.5"
1.86676694444444,215.326440325216,"ZooATM","Zoo.5"
1.87509861111111,215.414904938002,"ZooATM","Zoo.5"
1.88343277777778,215.225682594836,"ZooATM","Zoo.5"
1.89176555555555,215.466430757782,"ZooATM","Zoo.5"
1.90010111111111,215.682399572554,"ZooATM","Zoo.5"
1.90843388888889,215.493964597225,"ZooATM","Zoo.5"
1.91676694444444,215.26977131369,"ZooATM","Zoo.5"
1.92510166666667,215.57394536948,"ZooATM","Zoo.5"
1.93343472222222,215.378061125974,"ZooATM","Zoo.5"
1.9417725,215.056127085897,"ZooATM","Zoo.5"
1.95010083333333,215.288004043468,"ZooATM","Zoo.5"
1.95843416666667,215.488591596163,"ZooATM","Zoo.5"
1.96676861111111,215.361374346902,"ZooATM","Zoo.5"
1.97505222222222,215.390890783362,"ZooATM","Zoo.5"
1.98343444444444,215.154902608418,"ZooATM","Zoo.5"
1.99177,215.212780750899,"ZooATM","Zoo.5"
2.00010361111111,215.112866828188,"ZooATM","Zoo.5"
2.00843555555555,215.486372110659,"ZooATM","Zoo.5"
2.01676972222222,215.205702760249,"ZooATM","Zoo.5"
2.025105,214.672601684312,"ZooATM","Zoo.5"
2.03343805555555,214.356381145231,"ZooATM","Zoo.5"
2.04177222222222,214.357721323152,"ZooATM","Zoo.5"
2.05010555555556,214.490067767236,"ZooATM","Zoo.5"
2.05843833333333,214.938236290887,"ZooATM","Zoo.5"
2.06677138888889,214.445956823347,"ZooATM","Zoo.5"
2.07510583333333,214.891872200086,"ZooATM","Zoo.5"
2.08343861111111,214.752107143863,"ZooATM","Zoo.5"
2.09177194444444,214.713234576843,"ZooATM","Zoo.5"
2.10010694444444,214.814357660454,"ZooATM","Zoo.5"
2.10844,214.787416896561,"ZooATM","Zoo.5"
2.11677472222222,214.580521007999,"ZooATM","Zoo.5"
2.1251075,214.748827410744,"ZooATM","Zoo.5"
2.13344194444444,214.626563994461,"ZooATM","Zoo.5"
2.14177555555555,214.606147893118,"ZooATM","Zoo.5"
2.15010722222222,214.701764807208,"ZooATM","Zoo.5"
2.15844083333333,214.541468366948,"ZooATM","Zoo.5"
2.16677583333333,214.717278256898,"ZooATM","Zoo.5"
2.17510861111111,214.5050503745,"ZooATM","Zoo.5"
2.18344083333333,214.428367471452,"ZooATM","Zoo.5"
2.19177472222222,215.027284934342,"ZooATM","Zoo.5"
2.20010972222222,215.017728152118,"ZooATM","Zoo.5"
2.20839416666667,214.416088754756,"ZooATM","Zoo.5"
2.21672694444444,214.446543572009,"ZooATM","Zoo.5"
2.22510944444444,214.716526303874,"ZooATM","Zoo.5"
2.23344555555556,214.719981917194,"ZooATM","Zoo.5"
2.24177722222222,214.569522462071,"ZooATM","Zoo.5"
2.25011,214.448461380628,"ZooATM","Zoo.5"
2.25844472222222,214.347989022955,"ZooATM","Zoo.5"
2.26677805555556,214.264907502702,"ZooATM","Zoo.5"
2.27511333333333,214.485834035935,"ZooATM","Zoo.5"
2.28344694444444,214.267448962524,"ZooATM","Zoo.5"
2.29178305555555,214.613055793462,"ZooATM","Zoo.5"
2.30011305555556,214.196460882959,"ZooATM","Zoo.5"
2.30844722222222,214.44548926432,"ZooATM","Zoo.5"
2.31678111111111,214.220691402738,"ZooATM","Zoo.5"
2.32511361111111,214.14309978771,"ZooATM","Zoo.5"
2.33345305555556,214.159511470374,"ZooATM","Zoo.5"
2.34177972222222,214.178039072653,"ZooATM","Zoo.5"
2.35011444444444,214.357797063074,"ZooATM","Zoo.5"
2.35844916666667,214.488995133306,"ZooATM","Zoo.5"
2.36678222222222,214.202544289621,"ZooATM","Zoo.5"
2.37511527777778,214.218955597786,"ZooATM","Zoo.5"
2.38344833333333,214.313271465297,"ZooATM","Zoo.5"
2.39178361111111,213.857598325968,"ZooATM","Zoo.5"
2.40011555555556,214.077991752551,"ZooATM","Zoo.5"
2.40845444444444,213.98106477845,"ZooATM","Zoo.5"
2.41678138888889,213.8808954893,"ZooATM","Zoo.5"
2.42511666666667,213.788316102599,"ZooATM","Zoo.5"
2.43345583333333,214.048616555961,"ZooATM","Zoo.5"
2.44178472222222,214.248709305929,"ZooATM","Zoo.5"
2.45011888888889,214.159234575531,"ZooATM","Zoo.5"
2.45845305555556,213.947797936364,"ZooATM","Zoo.5"
2.46678638888889,213.822862029135,"ZooATM","Zoo.5"
2.47512027777778,213.490130956269,"ZooATM","Zoo.5"
2.48345416666667,212.670826085403,"ZooATM","Zoo.5"
2.49178555555555,212.665716770702,"ZooATM","Zoo.5"
2.50012111111111,212.540622314749,"ZooATM","Zoo.5"
2.50845972222222,212.441298712969,"ZooATM","Zoo.5"
2.51678888888889,212.937753859573,"ZooATM","Zoo.5"
2.5250725,212.727748909983,"ZooATM","Zoo.5"
2.53340666666667,212.864180820758,"ZooATM","Zoo.5"
2.54173916666667,212.833294993571,"ZooATM","Zoo.5"
2.55007333333333,213.026674249135,"ZooATM","Zoo.5"
2.55840527777778,212.744767145348,"ZooATM","Zoo.5"
2.56674,212.94771803789,"ZooATM","Zoo.5"
2.57507388888889,211.761759497615,"ZooATM","Zoo.5"
2.5834075,212.134468242668,"ZooATM","Zoo.5"
2.59174,212.059956460072,"ZooATM","Zoo.5"
2.6000725,212.668812253604,"ZooATM","Zoo.5"
2.60840722222222,212.550169878903,"ZooATM","Zoo.5"
2.61674111111111,212.594323685897,"ZooATM","Zoo.5"
2.62507527777778,212.727398347868,"ZooATM","Zoo.5"
2.63335194444444,212.502698456289,"ZooATM","Zoo.5"
2.64174305555555,212.572549028567,"ZooATM","Zoo.5"
2.65007472222222,212.431515285153,"ZooATM","Zoo.5"
2.65840972222222,212.584812651782,"ZooATM","Zoo.5"
2.66674305555555,212.322917331938,"ZooATM","Zoo.5"
2.67507611111111,212.186361840714,"ZooATM","Zoo.5"
2.68341055555556,212.147086288676,"ZooATM","Zoo.5"
2.69174194444444,211.647080221886,"ZooATM","Zoo.5"
2.70007694444444,211.25152955446,"ZooATM","Zoo.5"
2.70841083333333,211.395351177326,"ZooATM","Zoo.5"
2.7166875,211.532864350805,"ZooATM","Zoo.5"
2.72512861111111,211.283215432167,"ZooATM","Zoo.5"
2.73346083333333,211.422741627046,"ZooATM","Zoo.5"
2.74179583333333,211.324111517101,"ZooATM","Zoo.5"
2.75012916666667,211.292500626898,"ZooATM","Zoo.5"
2.75846166666667,211.19287135001,"ZooATM","Zoo.5"
2.76679583333333,211.611093959577,"ZooATM","Zoo.5"
2.77513027777778,211.089302462239,"ZooATM","Zoo.5"
2.78346416666667,211.038619207976,"ZooATM","Zoo.5"
2.79179777777778,211.335305850641,"ZooATM","Zoo.5"
2.80013083333333,211.46422874458,"ZooATM","Zoo.5"
2.80841555555555,211.340038330406,"ZooATM","Zoo.5"
2.8167475,211.034373958341,"ZooATM","Zoo.5"
2.82508138888889,211.07391519665,"ZooATM","Zoo.5"
2.83341611111111,211.035988357028,"ZooATM","Zoo.5"
2.84174888888889,210.776478968833,"ZooATM","Zoo.5"
2.85008277777778,210.570251710953,"ZooATM","Zoo.5"
2.85841555555555,210.365210500254,"ZooATM","Zoo.5"
2.86674972222222,211.012650695469,"ZooATM","Zoo.5"
2.87508388888889,210.704449685115,"ZooATM","Zoo.5"
2.88341777777778,210.612618747754,"ZooATM","Zoo.5"
2.89175027777778,210.499610376061,"ZooATM","Zoo.5"
2.90008361111111,210.607890698181,"ZooATM","Zoo.5"
2.90841833333333,210.94299770896,"ZooATM","Zoo.5"
2.91680111111111,210.520677868036,"ZooATM","Zoo.5"
2.92513472222222,210.710437135921,"ZooATM","Zoo.5"
2.93341944444444,210.53392330533,"ZooATM","Zoo.5"
2.9417525,211.061886718043,"ZooATM","Zoo.5"
2.95008583333333,210.794976986986,"ZooATM","Zoo.5"
2.95842055555555,211.107042362355,"ZooATM","Zoo.5"
2.96675305555555,210.759504368346,"ZooATM","Zoo.5"
2.97508416666667,210.609352504205,"ZooATM","Zoo.5"
2.98341944444444,210.576827334058,"ZooATM","Zoo.5"
2.99175361111111,210.850310823796,"ZooATM","Zoo.5"
3.00008666666667,210.872862483617,"ZooATM","Zoo.5"
3.00842083333333,210.850854773192,"ZooATM","Zoo.5"
3.01675527777778,210.593759573603,"ZooATM","Zoo.5"
3.02508833333333,211.026340956386,"ZooATM","Zoo.5"
3.03336555555556,210.970396897371,"ZooATM","Zoo.5"
3.04169861111111,210.585165687513,"ZooATM","Zoo.5"
3.05003194444445,210.573740828035,"ZooATM","Zoo.5"
3.05836583333333,210.191385344735,"ZooATM","Zoo.5"
3.06669888888889,209.581507822714,"ZooATM","Zoo.5"
3.07503277777778,209.866119076182,"ZooATM","Zoo.5"
3.08336583333333,209.743133269754,"ZooATM","Zoo.5"
3.09169944444444,209.588612268478,"ZooATM","Zoo.5"
3.10003305555556,210.792311696549,"ZooATM","Zoo.5"
3.10836638888889,210.393841072236,"ZooATM","Zoo.5"
3.11670027777778,210.33288090179,"ZooATM","Zoo.5"
3.12503388888889,210.078752797702,"ZooATM","Zoo.5"
3.1333675,209.866055120771,"ZooATM","Zoo.5"
3.14170166666667,210.357026737604,"ZooATM","Zoo.5"
3.15003416666666,210.061768138506,"ZooATM","Zoo.5"
3.1583675,210.202372753347,"ZooATM","Zoo.5"
3.16670277777778,210.319867330713,"ZooATM","Zoo.5"
3.17503638888889,210.064705364941,"ZooATM","Zoo.5"
3.18337,210.391174383432,"ZooATM","Zoo.5"
3.19170388888889,209.731283557637,"ZooATM","Zoo.5"
3.20003777777778,210.16473736834,"ZooATM","Zoo.5"
3.20842138888889,210.31812083673,"ZooATM","Zoo.5"
3.216705,209.675317224298,"ZooATM","Zoo.5"
3.22503888888889,209.409550634002,"ZooATM","Zoo.5"
3.23337277777778,209.325899952729,"ZooATM","Zoo.5"
3.24170472222222,209.190711792909,"ZooATM","Zoo.5"
3.25003805555556,209.050414019754,"ZooATM","Zoo.5"
3.25837194444444,209.119968625239,"ZooATM","Zoo.5"
3.26670666666666,209.458413882837,"ZooATM","Zoo.5"
3.27503972222222,208.820977541425,"ZooATM","Zoo.5"
3.28337305555555,209.114687459691,"ZooATM","Zoo.5"
3.29170722222222,208.677049123017,"ZooATM","Zoo.5"
3.30003916666666,208.794646155912,"ZooATM","Zoo.5"
3.30837361111111,208.700936633765,"ZooATM","Zoo.5"
3.31670638888889,208.620670299506,"ZooATM","Zoo.5"
3.32503972222222,208.554123337153,"ZooATM","Zoo.5"
3.333375,208.398806103234,"ZooATM","Zoo.5"
3.34170833333333,208.953539072237,"ZooATM","Zoo.5"
3.35004166666667,207.937282114577,"ZooATM","Zoo.5"
3.35837444444444,208.062541845546,"ZooATM","Zoo.5"
3.36670805555556,208.154629146141,"ZooATM","Zoo.5"
3.37504138888889,208.049528216958,"ZooATM","Zoo.5"
3.383375,208.159338052092,"ZooATM","Zoo.5"
3.39170861111111,208.332812745388,"ZooATM","Zoo.5"
3.40004222222222,208.111962730296,"ZooATM","Zoo.5"
1.00002777777778,228.778557345654,"BlankHP","BlankHP"
1.00836138888889,228.747353866846,"BlankHP","BlankHP"
1.01674555555555,229.048183727562,"BlankHP","BlankHP"
1.02502972222222,228.775197582087,"BlankHP","BlankHP"
1.03341222222222,228.966359346524,"BlankHP","BlankHP"
1.04169694444444,228.879399787996,"BlankHP","BlankHP"
1.05002944444444,228.901192917439,"BlankHP","BlankHP"
1.05836305555556,228.515607518191,"BlankHP","BlankHP"
1.06669666666667,228.84121550886,"BlankHP","BlankHP"
1.07497388888889,228.758574677525,"BlankHP","BlankHP"
1.08336416666667,228.84637893802,"BlankHP","BlankHP"
1.09169666666667,228.573673896043,"BlankHP","BlankHP"
1.10003138888889,229.00906582537,"BlankHP","BlankHP"
1.108365,228.815166059365,"BlankHP","BlankHP"
1.11669805555555,228.705597592864,"BlankHP","BlankHP"
1.1250325,228.84548062158,"BlankHP","BlankHP"
1.13336583333333,228.680466091356,"BlankHP","BlankHP"
1.14169833333333,228.627513824623,"BlankHP","BlankHP"
1.15003333333333,228.818528996605,"BlankHP","BlankHP"
1.15836611111111,228.810670514514,"BlankHP","BlankHP"
1.16669777777778,228.487796074439,"BlankHP","BlankHP"
1.17503305555556,228.643236621118,"BlankHP","BlankHP"
1.18336527777778,228.876036452893,"BlankHP","BlankHP"
1.1917,228.550378790713,"BlankHP","BlankHP"
1.20003333333333,228.402866370432,"BlankHP","BlankHP"
1.20836638888889,228.595443552673,"BlankHP","BlankHP"
1.21670027777778,228.969958494773,"BlankHP","BlankHP"
1.2250325,228.496560214518,"BlankHP","BlankHP"
1.23336666666667,228.666550438465,"BlankHP","BlankHP"
1.24169944444444,228.573673896043,"BlankHP","BlankHP"
1.25003388888889,228.540708558503,"BlankHP","BlankHP"
1.25836666666667,228.576386890803,"BlankHP","BlankHP"
1.26669944444444,228.643236621118,"BlankHP","BlankHP"
1.27503472222222,228.714357995955,"BlankHP","BlankHP"
1.28336888888889,228.525899422177,"BlankHP","BlankHP"
1.29170222222222,228.408003558544,"BlankHP","BlankHP"
1.30003444444444,228.535563376191,"BlankHP","BlankHP"
1.30836944444444,228.774295653809,"BlankHP","BlankHP"
1.31670305555555,228.678665046219,"BlankHP","BlankHP"
1.32503638888889,228.555521334384,"BlankHP","BlankHP"
1.33337,228.590298810624,"BlankHP","BlankHP"
1.34170305555555,228.664111480569,"BlankHP","BlankHP"
1.35003777777778,228.52346767758,"BlankHP","BlankHP"
1.35837027777778,228.388966850426,"BlankHP","BlankHP"
1.36670333333333,228.464519963202,"BlankHP","BlankHP"
1.37503666666667,228.644142875412,"BlankHP","BlankHP"
1.38337055555556,228.48265449616,"BlankHP","BlankHP"
1.39170388888889,228.41495347499,"BlankHP","BlankHP"
1.4000375,228.393200500081,"BlankHP","BlankHP"
1.40837138888889,228.68227180534,"BlankHP","BlankHP"
1.416705,228.437620587418,"BlankHP","BlankHP"
1.4250375,228.437620587418,"BlankHP","BlankHP"
1.43337055555556,228.302270432378,"BlankHP","BlankHP"
1.44170555555555,228.435805081487,"BlankHP","BlankHP"
1.45003833333333,228.152552707705,"BlankHP","BlankHP"
1.45837277777778,228.759744862072,"BlankHP","BlankHP"
1.46670583333333,228.405593731722,"BlankHP","BlankHP"
1.47503805555555,228.28506704259,"BlankHP","BlankHP"
1.48342305555555,228.451524441343,"BlankHP","BlankHP"
1.49175694444444,228.425536901115,"BlankHP","BlankHP"
1.50008888888889,228.411634288759,"BlankHP","BlankHP"
1.50842277777778,228.366625609248,"BlankHP","BlankHP"
1.51675666666667,228.484469665496,"BlankHP","BlankHP"
1.52508861111111,228.618126368154,"BlankHP","BlankHP"
1.53342416666667,228.486289495121,"BlankHP","BlankHP"
1.54175861111111,228.021048224688,"BlankHP","BlankHP"
1.55009166666667,228.393515186015,"BlankHP","BlankHP"
1.55842472222222,228.470563950488,"BlankHP","BlankHP"
1.56675916666667,228.383832778913,"BlankHP","BlankHP"
1.57509138888889,228.123872131747,"BlankHP","BlankHP"
1.58342555555555,228.097930264,"BlankHP","BlankHP"
1.59175777777778,228.205364691087,"BlankHP","BlankHP"
1.60004194444444,228.343047305654,"BlankHP","BlankHP"
1.60837583333333,228.477516653161,"BlankHP","BlankHP"
1.61670972222222,228.292014166015,"BlankHP","BlankHP"
1.62504305555556,228.279944193007,"BlankHP","BlankHP"
1.63337666666667,228.325842026167,"BlankHP","BlankHP"
1.64171,228.027071667574,"BlankHP","BlankHP"
1.65004333333333,228.320719007191,"BlankHP","BlankHP"
1.65837583333333,228.400466335171,"BlankHP","BlankHP"
1.66671083333333,228.280857919769,"BlankHP","BlankHP"
1.67504416666666,228.006255371446,"BlankHP","BlankHP"
1.68337694444444,228.065053048694,"BlankHP","BlankHP"
1.69171138888889,228.097930264,"BlankHP","BlankHP"
1.70004527777778,227.9007599722,"BlankHP","BlankHP"
1.70837916666667,228.327667986677,"BlankHP","BlankHP"
1.71671222222222,228.021965016753,"BlankHP","BlankHP"
1.72504583333333,227.973395830051,"BlankHP","BlankHP"
1.73338,228.140494715522,"BlankHP","BlankHP"
1.74171194444444,228.108528868099,"BlankHP","BlankHP"
1.75004666666667,228.346688968774,"BlankHP","BlankHP"
1.75837972222222,227.901677011949,"BlankHP","BlankHP"
1.76676416666667,228.10158670127,"BlankHP","BlankHP"
1.77509583333333,228.27482506989,"BlankHP","BlankHP"
1.78342861111111,227.862821990969,"BlankHP","BlankHP"
1.79176361111111,228.167353503072,"BlankHP","BlankHP"
1.80009666666667,228.632042006124,"BlankHP","BlankHP"
1.80843055555556,228.064141062343,"BlankHP","BlankHP"
1.81676472222222,228.232232401714,"BlankHP","BlankHP"
1.82509666666667,228.060855353885,"BlankHP","BlankHP"
1.83343055555556,227.882707556723,"BlankHP","BlankHP"
1.84176972222222,228.188186504908,"BlankHP","BlankHP"
1.85009694444444,228.079847130292,"BlankHP","BlankHP"
1.85843277777778,227.894741648941,"BlankHP","BlankHP"
1.86676694444444,227.887806594814,"BlankHP","BlankHP"
1.87509861111111,227.999317224112,"BlankHP","BlankHP"
1.88343277777778,227.991466148439,"BlankHP","BlankHP"
1.89176555555555,227.848035379532,"BlankHP","BlankHP"
1.90010111111111,227.9164674807,"BlankHP","BlankHP"
1.90843388888889,227.889642918767,"BlankHP","BlankHP"
1.91676694444444,227.943295677392,"BlankHP","BlankHP"
1.92510166666667,227.888724177163,"BlankHP","BlankHP"
1.93343472222222,227.973395830051,"BlankHP","BlankHP"
1.9417725,227.961353213006,"BlankHP","BlankHP"
1.95010083333333,228.167353503072,"BlankHP","BlankHP"
1.95843416666667,227.941459056356,"BlankHP","BlankHP"
1.96676861111111,227.9007599722,"BlankHP","BlankHP"
1.97505222222222,227.610504259733,"BlankHP","BlankHP"
1.98343444444444,228.287805660004,"BlankHP","BlankHP"
1.99177,228.027987607598,"BlankHP","BlankHP"
2.00010361111111,228.155297214744,"BlankHP","BlankHP"
2.00843555555555,227.717672525058,"BlankHP","BlankHP"
2.01676972222222,227.710742416068,"BlankHP","BlankHP"
2.025105,227.80919103529,"BlankHP","BlankHP"
2.03343805555555,228.040950743593,"BlankHP","BlankHP"
2.04177222222222,227.899844091909,"BlankHP","BlankHP"
2.05010555555556,227.959521700545,"BlankHP","BlankHP"
2.05843833333333,227.702892082188,"BlankHP","BlankHP"
2.06677138888889,228.042785018424,"BlankHP","BlankHP"
2.07510583333333,227.983085143085,"BlankHP","BlankHP"
2.08343861111111,227.749563098807,"BlankHP","BlankHP"
2.09177194444444,227.942376787013,"BlankHP","BlankHP"
2.10010694444444,227.80919103529,"BlankHP","BlankHP"
2.10844,227.696883124036,"BlankHP","BlankHP"
2.11677472222222,227.828152904496,"BlankHP","BlankHP"
2.1251075,227.886890171776,"BlankHP","BlankHP"
2.13344194444444,227.55326604971,"BlankHP","BlankHP"
2.14177555555555,227.924841782917,"BlankHP","BlankHP"
2.15010722222222,227.586969671945,"BlankHP","BlankHP"
2.15844083333333,227.986355945767,"BlankHP","BlankHP"
2.16677583333333,227.695043830859,"BlankHP","BlankHP"
2.17510861111111,227.939627074433,"BlankHP","BlankHP"
2.18344083333333,227.416179499457,"BlankHP","BlankHP"
2.19177472222222,227.640540539291,"BlankHP","BlankHP"
2.20010972222222,227.9447354073,"BlankHP","BlankHP"
2.20839416666667,227.611007177809,"BlankHP","BlankHP"
2.21672694444444,227.917906726026,"BlankHP","BlankHP"
2.22510944444444,227.64838532272,"BlankHP","BlankHP"
2.23344555555556,227.489548936391,"BlankHP","BlankHP"
2.24177722222222,227.879955734837,"BlankHP","BlankHP"
2.25011,227.52740776049,"BlankHP","BlankHP"
2.25844472222222,227.454941589806,"BlankHP","BlankHP"
2.26677805555556,227.480788767214,"BlankHP","BlankHP"
2.27511333333333,227.516319203514,"BlankHP","BlankHP"
2.28344694444444,227.813370922558,"BlankHP","BlankHP"
2.29178305555555,227.646550343218,"BlankHP","BlankHP"
2.30011305555556,227.450782217547,"BlankHP","BlankHP"
2.30844722222222,227.596651758985,"BlankHP","BlankHP"
2.31678111111111,227.688115264151,"BlankHP","BlankHP"
2.32511361111111,227.30317906884,"BlankHP","BlankHP"
2.33345305555556,227.713994870615,"BlankHP","BlankHP"
2.34177972222222,227.471547547315,"BlankHP","BlankHP"
2.35011444444444,227.582800492093,"BlankHP","BlankHP"
2.35844916666667,227.840185287428,"BlankHP","BlankHP"
2.36678222222222,227.626688034489,"BlankHP","BlankHP"
2.37511527777778,227.561107214011,"BlankHP","BlankHP"
2.38344833333333,227.699221523625,"BlankHP","BlankHP"
2.39178361111111,227.56018967942,"BlankHP","BlankHP"
2.40011555555556,227.575875321302,"BlankHP","BlankHP"
2.40845444444444,227.210060699733,"BlankHP","BlankHP"
2.41678138888889,227.197156719144,"BlankHP","BlankHP"
2.42511666666667,227.430019662062,"BlankHP","BlankHP"
2.43345583333333,227.568950458927,"BlankHP","BlankHP"
2.44178472222222,227.602657315959,"BlankHP","BlankHP"
2.45011888888889,227.36359073599,"BlankHP","BlankHP"
2.45845305555556,227.349754889195,"BlankHP","BlankHP"
2.46678638888889,227.746808918538,"BlankHP","BlankHP"
2.47512027777778,227.620679080976,"BlankHP","BlankHP"
2.48345416666667,227.500635870367,"BlankHP","BlankHP"
2.49178555555555,227.730207712175,"BlankHP","BlankHP"
2.50012111111111,227.292589114858,"BlankHP","BlankHP"
2.50845972222222,227.160758580842,"BlankHP","BlankHP"
2.51678888888889,227.41942509919,"BlankHP","BlankHP"
2.5250725,227.524659774944,"BlankHP","BlankHP"
2.53340666666667,227.371915391292,"BlankHP","BlankHP"
2.54173916666667,227.234952345455,"BlankHP","BlankHP"
2.55007333333333,227.024879562436,"BlankHP","BlankHP"
2.55840527777778,227.348834496472,"BlankHP","BlankHP"
2.56674,227.248779566899,"BlankHP","BlankHP"
2.57507388888889,227.161677282444,"BlankHP","BlankHP"
2.5834075,227.346997174199,"BlankHP","BlankHP"
2.59174,227.321167730456,"BlankHP","BlankHP"
2.6000725,227.327165644604,"BlankHP","BlankHP"
2.60840722222222,227.47203476021,"BlankHP","BlankHP"
2.61674111111111,227.516824619425,"BlankHP","BlankHP"
2.62507527777778,227.221126355453,"BlankHP","BlankHP"
2.63335194444444,227.190244187046,"BlankHP","BlankHP"
2.64174305555555,227.361749873929,"BlankHP","BlankHP"
2.65007472222222,227.323007208395,"BlankHP","BlankHP"
2.65840972222222,227.308254742051,"BlankHP","BlankHP"
2.66674305555555,227.335920274692,"BlankHP","BlankHP"
2.67507611111111,227.500635870367,"BlankHP","BlankHP"
2.68341055555556,227.473867605393,"BlankHP","BlankHP"
2.69174194444444,227.280594137028,"BlankHP","BlankHP"
2.70007694444444,227.041915144688,"BlankHP","BlankHP"
2.70841083333333,227.373748247204,"BlankHP","BlankHP"
2.7166875,227.540336326142,"BlankHP","BlankHP"
2.72512861111111,227.242785887773,"BlankHP","BlankHP"
2.73346083333333,226.897377919301,"BlankHP","BlankHP"
2.74179583333333,227.08244093872,"BlankHP","BlankHP"
2.75012916666667,227.182411185915,"BlankHP","BlankHP"
2.75846166666667,227.24786032725,"BlankHP","BlankHP"
2.76679583333333,227.227120879493,"BlankHP","BlankHP"
2.77513027777778,227.464200140774,"BlankHP","BlankHP"
2.78346416666667,227.166751410594,"BlankHP","BlankHP"
2.79179777777778,227.051586760409,"BlankHP","BlankHP"
2.80013083333333,227.169508437667,"BlankHP","BlankHP"
2.80841555555555,226.990347680369,"BlankHP","BlankHP"
2.8167475,226.968712085298,"BlankHP","BlankHP"
2.82508138888889,227.20638420215,"BlankHP","BlankHP"
2.83341611111111,226.942936038737,"BlankHP","BlankHP"
2.84174888888889,227.109156055455,"BlankHP","BlankHP"
2.85008277777778,227.314251808962,"BlankHP","BlankHP"
2.85841555555555,227.085676662802,"BlankHP","BlankHP"
2.86674972222222,227.19947259194,"BlankHP","BlankHP"
2.87508388888889,226.896456539783,"BlankHP","BlankHP"
2.88341777777778,226.96963224141,"BlankHP","BlankHP"
2.89175027777778,227.020278003962,"BlankHP","BlankHP"
2.90008361111111,227.055729437118,"BlankHP","BlankHP"
2.90841833333333,226.984364148206,"BlankHP","BlankHP"
2.91680111111111,227.169508437667,"BlankHP","BlankHP"
2.92513472222222,226.978381459897,"BlankHP","BlankHP"
2.93341944444444,227.374666407267,"BlankHP","BlankHP"
2.9417525,227.198079264027,"BlankHP","BlankHP"
2.95008583333333,227.21789616259,"BlankHP","BlankHP"
2.95842055555555,227.219744251252,"BlankHP","BlankHP"
2.96675305555555,226.795276664001,"BlankHP","BlankHP"
2.97508416666667,227.06263704471,"BlankHP","BlankHP"
2.98341944444444,226.785600372229,"BlankHP","BlankHP"
2.99175361111111,226.844931162421,"BlankHP","BlankHP"
3.00008666666667,227.023956947888,"BlankHP","BlankHP"
3.00842083333333,226.936953351587,"BlankHP","BlankHP"
3.01675527777778,226.849067722281,"BlankHP","BlankHP"
3.02508833333333,227.102246909171,"BlankHP","BlankHP"
3.03336555555556,227.175499576986,"BlankHP","BlankHP"
3.04169861111111,227.242785887773,"BlankHP","BlankHP"
3.05003194444445,226.96963224141,"BlankHP","BlankHP"
3.05836583333333,226.881733089037,"BlankHP","BlankHP"
3.06669888888889,226.9756166169,"BlankHP","BlankHP"
3.07503277777778,226.870691549657,"BlankHP","BlankHP"
3.08336583333333,226.929129128448,"BlankHP","BlankHP"
3.09169944444444,226.85413033338,"BlankHP","BlankHP"
3.10003305555556,226.753408572354,"BlankHP","BlankHP"
3.10836638888889,226.745133357873,"BlankHP","BlankHP"
3.11670027777778,226.772726276009,"BlankHP","BlankHP"
3.12503388888889,227.042835226815,"BlankHP","BlankHP"
3.1333675,226.705597684511,"BlankHP","BlankHP"
3.14170166666667,226.965494162033,"BlankHP","BlankHP"
3.15003416666666,227.091192785184,"BlankHP","BlankHP"
3.1583675,227.024879562436,"BlankHP","BlankHP"
3.16670277777778,226.932818489746,"BlankHP","BlankHP"
3.17503638888889,226.608646080945,"BlankHP","BlankHP"
3.18337,226.865635530979,"BlankHP","BlankHP"
3.19170388888889,226.529642765906,"BlankHP","BlankHP"
3.20003777777778,226.944779647233,"BlankHP","BlankHP"
3.20842138888889,226.516788119931,"BlankHP","BlankHP"
3.216705,226.417158932267,"BlankHP","BlankHP"
3.22503888888889,226.791576313125,"BlankHP","BlankHP"
3.23337277777778,226.694579031682,"BlankHP","BlankHP"
3.24170472222222,226.897377919301,"BlankHP","BlankHP"
3.25003805555556,226.402456902247,"BlankHP","BlankHP"
3.25837194444444,226.633445263138,"BlankHP","BlankHP"
3.26670666666666,226.588892150259,"BlankHP","BlankHP"
3.27503972222222,226.925914266733,"BlankHP","BlankHP"
3.28337305555555,226.615540164199,"BlankHP","BlankHP"
3.29170722222222,226.462594979633,"BlankHP","BlankHP"
3.30003916666666,226.766752019449,"BlankHP","BlankHP"
3.30837361111111,226.954459142358,"BlankHP","BlankHP"
3.31670638888889,226.624291726182,"BlankHP","BlankHP"
3.32503972222222,226.803105465434,"BlankHP","BlankHP"
3.333375,226.468177329905,"BlankHP","BlankHP"
3.34170833333333,226.626153487505,"BlankHP","BlankHP"
3.35004166666667,226.322235702519,"BlankHP","BlankHP"
3.35837444444444,226.7745769067,"BlankHP","BlankHP"
3.36670805555556,226.419017711301,"BlankHP","BlankHP"
3.37504138888889,226.634370446424,"BlankHP","BlankHP"
3.383375,226.239626330019,"BlankHP","BlankHP"
3.39170861111111,227.061717192338,"BlankHP","BlankHP"
3.40004222222222,226.455706113275,"BlankHP","BlankHP"
