;;; ;Oxygen;Oxygen;Oxygen;;Compensation;Temperature;('C);;Pressure;Humidity;Temp. Probe;Int. Temp.;Analog In;Raw Data:; dphi (°);;;Signal;Intensity;(mV);;Ambient;Light;(mV);;Advanced Raw Values (only logged while raw data window is open);
Date;Time (HH:MM:SS);Time (s);Comment;Ch1;Ch2;Ch3;Ch4;Ch 1;Ch 2;Ch 3;Ch 4;(mbar);(%);('C);('C); (mV);Ch 1;Ch 2;Ch 3;Ch 4;Ch1;Ch2;Ch3;Ch4;Ch1;Ch2;Ch3;Ch4; (MainBkgd->MainBkgd->MainPhi->RefAmpl->RefBkgnd->RefPhi);
24/09/2024;09:01:45;0.00;;99.591;97.617;94.655;---;15.521;15.521;15.521;---;994.76;70.385;15.521;---;---;24.743;24.743;25.511;---;60.983;19.087;8.266;---;4.938;5.712;3.711;---;;
24/09/2024;09:02:15;30.00;;99.228;97.878;95.841;---;15.530;15.530;15.530;---;994.71;70.059;15.530;---;---;24.785;24.710;25.364;---;61.114;19.064;8.252;---;4.907;5.689;3.707;---;;
24/09/2024;09:02:45;60.00;;99.128;97.979;94.960;---;15.539;15.539;15.539;---;994.69;69.208;15.539;---;---;24.797;24.698;25.471;---;61.186;19.112;8.273;---;4.881;5.643;3.664;---;;
24/09/2024;09:03:15;90.00;;99.176;97.624;96.100;---;15.541;15.541;15.541;---;994.73;68.890;15.541;---;---;24.790;24.739;25.330;---;61.295;19.116;8.273;---;4.843;5.649;3.666;---;;
24/09/2024;09:03:45;120.00;;98.622;99.095;95.264;---;15.534;15.534;15.534;---;994.74;68.678;15.534;---;---;24.857;24.565;25.434;---;61.266;19.117;8.282;---;4.870;5.697;3.692;---;;
24/09/2024;09:04:15;150.00;;98.796;98.454;95.605;---;15.525;15.525;15.525;---;994.71;68.829;15.525;---;---;24.837;24.642;25.393;---;61.314;19.110;8.267;---;4.834;5.657;3.657;---;;
24/09/2024;09:04:45;180.00;;98.650;98.160;94.945;---;15.517;15.517;15.517;---;994.76;69.457;15.517;---;---;24.855;24.678;25.475;---;61.378;19.125;8.258;---;4.873;5.675;3.663;---;;
24/09/2024;09:05:15;210.00;;98.611;98.930;95.412;---;15.521;15.521;15.521;---;994.80;70.268;15.521;---;---;24.858;24.586;25.416;---;61.394;19.122;8.256;---;4.877;5.716;3.663;---;;
24/09/2024;09:05:45;240.00;;98.522;98.410;95.049;---;15.531;15.531;15.531;---;994.81;70.965;15.531;---;---;24.868;24.645;25.459;---;61.426;19.148;8.304;---;4.815;5.638;3.655;---;;
24/09/2024;09:06:15;270.00;;98.250;97.802;94.682;---;15.525;15.525;15.525;---;994.80;71.278;15.525;---;---;24.901;24.719;25.506;---;61.488;19.141;8.272;---;4.832;5.671;3.665;---;;
24/09/2024;09:06:45;300.00;;98.532;99.127;95.014;---;15.516;15.516;15.516;---;994.80;71.399;15.516;---;---;24.869;24.564;25.466;---;61.509;19.166;8.273;---;4.867;5.704;3.669;---;;
24/09/2024;09:07:15;330.00;;98.303;97.519;96.383;---;15.519;15.519;15.519;---;994.77;71.483;15.519;---;---;24.896;24.754;25.297;---;61.559;19.174;8.272;---;4.895;5.715;3.673;---;;
24/09/2024;09:07:45;360.00;;98.596;98.151;94.871;---;15.529;15.529;15.529;---;994.78;71.575;15.529;---;---;24.860;24.677;25.486;---;61.523;19.121;8.273;---;4.845;5.675;3.646;---;;
24/09/2024;09:08:15;390.00;;98.119;97.724;96.096;---;15.539;15.539;15.539;---;994.75;71.417;15.539;---;---;24.916;24.727;25.331;---;61.595;19.163;8.275;---;4.857;5.662;3.652;---;;
24/09/2024;09:08:45;420.00;;97.874;98.168;95.570;---;15.536;15.536;15.536;---;994.81;71.321;15.536;---;---;24.945;24.674;25.395;---;61.561;19.158;8.277;---;4.882;5.654;3.640;---;;
24/09/2024;09:09:15;450.00;;98.023;97.985;95.464;---;15.541;15.541;15.541;---;994.80;71.066;15.541;---;---;24.927;24.695;25.407;---;61.520;19.195;8.275;---;4.909;5.633;3.668;---;;
24/09/2024;09:09:45;480.00;;98.202;97.133;95.627;---;15.552;15.552;15.552;---;994.72;70.494;15.552;---;---;24.905;24.797;25.387;---;61.556;19.170;8.279;---;4.884;5.639;3.669;---;;
24/09/2024;09:10:15;510.00;;98.083;97.674;96.021;---;15.562;15.562;15.562;---;994.81;70.197;15.562;---;---;24.916;24.731;25.337;---;61.550;19.189;8.272;---;4.860;5.660;3.648;---;;
24/09/2024;09:10:45;540.00;;98.345;97.901;96.184;---;15.570;15.570;15.570;---;994.76;69.790;15.570;---;---;24.885;24.702;25.315;---;61.569;19.172;8.273;---;4.853;5.664;3.650;---;;
24/09/2024;09:11:15;570.00;;97.732;98.173;95.274;---;15.563;15.563;15.563;---;994.75;69.139;15.563;---;---;24.959;24.671;25.429;---;61.527;19.167;8.281;---;4.923;5.691;3.636;---;;
24/09/2024;09:11:45;600.00;;98.041;97.944;95.380;---;15.569;15.569;15.569;---;994.74;69.093;15.569;---;---;24.922;24.698;25.417;---;61.584;19.189;8.266;---;4.877;5.631;3.642;---;;
24/09/2024;09:12:15;630.00;;97.924;98.200;95.998;---;15.569;15.569;15.569;---;994.78;69.380;15.569;---;---;24.936;24.667;25.339;---;61.576;19.177;8.278;---;4.868;5.639;3.687;---;;
24/09/2024;09:12:45;660.00;;97.926;98.148;95.790;---;15.574;15.574;15.574;---;994.90;69.284;15.574;---;---;24.933;24.671;25.362;---;61.593;19.193;8.286;---;4.873;5.680;3.682;---;;
24/09/2024;09:13:15;690.00;;97.832;97.583;95.410;---;15.569;15.569;15.569;---;994.85;69.202;15.569;---;---;24.945;24.740;25.410;---;61.611;19.184;8.272;---;4.906;5.663;3.651;---;;
24/09/2024;09:13:45;720.00;;98.504;97.744;96.271;---;15.561;15.561;15.561;---;994.83;69.185;15.561;---;---;24.867;24.721;25.306;---;61.612;19.193;8.273;---;4.836;5.698;3.649;---;;
24/09/2024;09:14:15;750.00;;98.222;97.233;95.131;---;15.561;15.561;15.561;---;994.82;69.136;15.561;---;---;24.900;24.783;25.446;---;61.604;19.213;8.275;---;4.852;5.671;3.655;---;;
24/09/2024;09:14:45;780.00;;98.056;97.598;96.262;---;15.568;15.568;15.568;---;994.82;69.668;15.568;---;---;24.920;24.738;25.306;---;61.660;19.222;8.277;---;4.855;5.672;3.660;---;;
24/09/2024;09:15:15;810.00;;97.894;97.647;95.896;---;15.569;15.569;15.569;---;994.82;70.393;15.569;---;---;24.939;24.732;25.351;---;61.678;19.226;8.296;---;4.839;5.659;3.666;---;;
24/09/2024;09:15:45;840.00;;97.935;97.311;95.636;---;15.561;15.561;15.561;---;994.91;70.685;15.561;---;---;24.934;24.772;25.383;---;61.731;19.253;8.279;---;4.833;5.650;3.670;---;;
24/09/2024;09:16:15;870.00;;97.861;97.819;95.539;---;15.557;15.557;15.557;---;994.91;70.856;15.557;---;---;24.943;24.713;25.395;---;61.805;19.259;8.281;---;4.835;5.694;3.667;---;;
24/09/2024;09:16:45;900.00;;97.712;97.581;96.255;---;15.555;15.555;15.555;---;994.92;71.026;15.555;---;---;24.961;24.740;25.307;---;61.762;19.260;8.296;---;4.891;5.684;3.656;---;;
24/09/2024;09:17:15;930.00;;97.890;96.820;95.118;---;15.560;15.560;15.560;---;994.92;71.171;15.560;---;---;24.939;24.832;25.446;---;61.772;19.270;8.285;---;4.903;5.688;3.644;---;;
24/09/2024;09:17:45;960.00;;97.847;97.087;96.067;---;15.559;15.559;15.559;---;994.86;71.301;15.559;---;---;24.945;24.801;25.331;---;61.741;19.289;8.324;---;4.866;5.638;3.631;---;;
24/09/2024;09:18:15;990.00;;97.805;97.096;96.396;---;15.549;15.549;15.549;---;994.90;71.163;15.549;---;---;24.950;24.800;25.290;---;61.771;19.271;8.295;---;4.833;5.644;3.643;---;;
24/09/2024;09:18:45;1020.00;;97.677;96.971;95.483;---;15.538;15.538;15.538;---;994.90;70.894;15.538;---;---;24.967;24.817;25.405;---;61.769;19.275;8.295;---;4.847;5.675;3.640;---;;
24/09/2024;09:19:15;1050.00;;97.495;97.619;96.216;---;15.543;15.543;15.543;---;994.86;70.749;15.543;---;---;24.989;24.738;25.314;---;61.773;19.263;8.316;---;4.877;5.638;3.654;---;;
24/09/2024;09:19:45;1080.00;;97.521;97.958;95.042;---;15.553;15.553;15.553;---;994.93;70.548;15.553;---;---;24.984;24.695;25.457;---;61.753;19.280;8.285;---;4.864;5.641;3.677;---;;
24/09/2024;09:20:15;1110.00;;97.739;96.970;95.338;---;15.556;15.556;15.556;---;994.91;69.688;15.556;---;---;24.957;24.815;25.420;---;61.726;19.229;8.307;---;4.910;5.667;3.698;---;;
24/09/2024;09:20:45;1140.00;;97.679;97.607;94.913;---;15.550;15.550;15.550;---;994.93;69.426;15.550;---;---;24.965;24.739;25.473;---;61.743;19.310;8.295;---;4.933;5.682;3.658;---;;
24/09/2024;09:21:15;1170.00;;97.776;97.103;95.459;---;15.543;15.543;15.543;---;994.91;69.574;15.543;---;---;24.954;24.800;25.407;---;61.718;19.292;8.284;---;4.877;5.641;3.660;---;;
24/09/2024;09:21:45;1200.00;;97.979;97.107;96.610;---;15.543;15.543;15.543;---;994.95;69.416;15.543;---;---;24.930;24.798;25.266;---;61.767;19.283;8.288;---;4.834;5.658;3.639;---;;
24/09/2024;09:22:15;1230.00;;97.840;97.490;97.118;---;15.541;15.541;15.541;---;994.97;69.286;15.541;---;---;24.946;24.753;25.204;---;61.714;19.308;8.295;---;4.871;5.645;3.647;---;;
24/09/2024;09:22:45;1260.00;;97.660;97.305;95.443;---;15.541;15.541;15.541;---;994.91;69.531;15.541;---;---;24.969;24.775;25.408;---;61.728;19.302;8.322;---;4.842;5.642;3.660;---;;
24/09/2024;09:23:15;1290.00;;97.177;97.480;96.268;---;15.533;15.533;15.533;---;994.92;69.233;15.533;---;---;25.028;24.755;25.308;---;61.784;19.280;8.303;---;4.878;5.674;3.634;---;;
24/09/2024;09:23:45;1320.00;;97.474;97.679;95.392;---;15.540;15.540;15.540;---;994.97;69.170;15.540;---;---;24.990;24.729;25.414;---;61.757;19.296;8.283;---;4.836;5.674;3.641;---;;
24/09/2024;09:24:15;1350.00;;97.891;96.893;95.818;---;15.547;15.547;15.547;---;994.96;69.553;15.547;---;---;24.940;24.824;25.362;---;61.814;19.279;8.301;---;4.822;5.670;3.654;---;;
24/09/2024;09:24:45;1380.00;;97.487;97.347;95.805;---;15.551;15.551;15.551;---;994.96;69.891;15.551;---;---;24.988;24.769;25.362;---;61.811;19.310;8.303;---;4.900;5.670;3.660;---;;
24/09/2024;09:25:15;1410.00;;97.483;96.931;94.981;---;15.543;15.543;15.543;---;994.97;70.179;15.543;---;---;24.989;24.819;25.465;---;61.861;19.323;8.306;---;4.830;5.636;3.658;---;;
24/09/2024;09:25:45;1440.00;;97.939;97.220;96.336;---;15.529;15.529;15.529;---;994.92;70.604;15.529;---;---;24.937;24.787;25.300;---;61.862;19.358;8.285;---;4.835;5.698;3.644;---;;
24/09/2024;09:26:15;1470.00;;97.349;97.206;96.236;---;15.539;15.539;15.539;---;994.93;70.706;15.539;---;---;25.6;24.787;25.311;---;61.897;19.360;8.299;---;4.880;5.652;3.663;---;;
24/09/2024;09:26:45;1500.00;;97.612;96.822;95.522;---;15.540;15.540;15.540;---;994.96;70.995;15.540;---;---;24.974;24.833;25.399;---;61.893;19.359;8.318;---;4.889;5.695;3.673;---;;
24/09/2024;09:27:15;1530.00;;97.409;96.895;95.971;---;15.542;15.542;15.542;---;994.97;71.049;15.542;---;---;24.999;24.824;25.344;---;61.950;19.336;8.309;---;4.855;5.681;3.653;---;;
24/09/2024;09:27:45;1560.00;;97.493;96.912;95.870;---;15.545;15.545;15.545;---;994.95;71.003;15.545;---;---;24.988;24.821;25.355;---;61.914;19.346;8.308;---;4.884;5.662;3.656;---;;
24/09/2024;09:28:15;1590.00;;97.805;96.543;96.166;---;15.541;15.541;15.541;---;994.99;70.932;15.541;---;---;24.950;24.866;25.320;---;61.879;19.368;8.299;---;4.896;5.629;3.640;---;;
24/09/2024;09:28:45;1620.00;;97.728;97.037;96.063;---;15.544;15.544;15.544;---;994.98;70.721;15.544;---;---;24.959;24.807;25.332;---;61.908;19.353;8.317;---;4.836;5.684;3.646;---;;
24/09/2024;09:29:15;1650.00;;97.590;97.359;95.938;---;15.539;15.539;15.539;---;994.90;70.550;15.539;---;---;24.978;24.769;25.349;---;61.911;19.381;8.318;---;4.827;5.694;3.623;---;;
24/09/2024;09:29:45;1680.00;;97.641;95.716;95.857;---;15.537;15.537;15.537;---;995.00;70.242;15.537;---;---;24.971;24.967;25.357;---;61.882;19.347;8.303;---;4.862;5.645;3.644;---;;
24/09/2024;09:30:15;1710.00;;97.727;96.136;96.577;---;15.529;15.529;15.529;---;994.98;69.826;15.529;---;---;24.961;24.918;25.270;---;61.880;19.396;8.299;---;4.906;5.671;3.649;---;;
24/09/2024;09:30:45;1740.00;;97.598;96.978;95.244;---;15.530;15.530;15.530;---;994.94;69.668;15.530;---;---;24.977;24.816;25.434;---;61.908;19.366;8.314;---;4.892;5.656;3.658;---;;
24/09/2024;09:31:15;1770.00;;97.549;96.744;95.930;---;15.526;15.526;15.526;---;994.96;69.675;15.526;---;---;24.983;24.844;25.350;---;61.875;19.414;8.307;---;4.850;5.652;3.653;---;;
24/09/2024;09:31:45;1800.00;;97.771;96.756;95.763;---;15.525;15.525;15.525;---;994.97;69.500;15.525;---;---;24.956;24.842;25.371;---;61.915;19.423;8.323;---;4.891;5.682;3.645;---;;
24/09/2024;09:32:15;1830.00;;97.845;96.265;96.882;---;15.527;15.527;15.527;---;994.93;69.467;15.527;---;---;24.947;24.903;25.234;---;61.845;19.410;8.315;---;4.913;5.667;3.653;---;;
24/09/2024;09:32:45;1860.00;;97.654;95.901;95.763;---;15.518;15.518;15.518;---;994.93;69.042;15.518;---;---;24.972;24.949;25.373;---;61.868;19.387;8.304;---;4.853;5.648;3.657;---;;
24/09/2024;09:33:15;1890.00;;97.346;96.928;96.445;---;15.521;15.521;15.521;---;994.99;69.637;15.521;---;---;25.8;24.822;25.287;---;61.893;19.415;8.321;---;4.867;5.645;3.649;---;;
24/09/2024;09:33:45;1920.00;;97.611;96.621;95.355;---;15.523;15.523;15.523;---;994.99;70.024;15.523;---;---;24.976;24.859;25.420;---;61.934;19.405;8.330;---;4.800;5.675;3.650;---;;
24/09/2024;09:34:15;1950.00;;97.987;96.148;96.019;---;15.524;15.524;15.524;---;994.99;70.210;15.524;---;---;24.930;24.917;25.340;---;61.900;19.423;8.324;---;4.875;5.683;3.669;---;;
24/09/2024;09:34:45;1980.00;;97.606;96.217;94.009;---;15.520;15.520;15.520;---;995.08;70.469;15.520;---;---;24.976;24.908;25.592;---;61.984;19.430;8.304;---;4.885;5.683;3.648;---;;
24/09/2024;09:35:15;2010.00;;97.583;96.135;95.456;---;15.509;15.509;15.509;---;995.06;70.774;15.509;---;---;24.980;24.919;25.409;---;61.987;19.434;8.328;---;4.835;5.685;3.659;---;;
24/09/2024;09:35:45;2040.00;;97.140;95.642;95.324;---;15.506;15.506;15.506;---;995.09;70.942;15.506;---;---;25.033;24.979;25.426;---;61.975;19.467;8.315;---;4.884;5.653;3.649;---;;
24/09/2024;09:36:15;2070.00;;97.653;96.795;95.983;---;15.511;15.511;15.511;---;995.06;71.110;15.511;---;---;24.971;24.838;25.344;---;62.000;19.440;8.337;---;4.882;5.716;3.673;---;;
24/09/2024;09:36:45;2100.00;;97.325;96.159;95.632;---;15.520;15.520;15.520;---;995.05;71.156;15.520;---;---;25.10;24.915;25.386;---;62.049;19.460;8.322;---;4.889;5.696;3.667;---;;
24/09/2024;09:37:15;2130.00;;97.643;96.099;96.260;---;15.516;15.516;15.516;---;994.98;71.146;15.516;---;---;24.973;24.923;25.311;---;62.006;19.405;8.340;---;4.859;5.660;3.654;---;;
24/09/2024;09:37:45;2160.00;;97.427;95.917;95.248;---;15.517;15.517;15.517;---;995.02;71.049;15.517;---;---;24.998;24.945;25.435;---;62.014;19.450;8.336;---;4.917;5.702;3.670;---;;
24/09/2024;09:38:15;2190.00;;97.218;97.189;94.821;---;15.518;15.518;15.518;---;995.02;70.766;15.518;---;---;25.023;24.790;25.487;---;61.985;19.445;8.336;---;4.826;5.653;3.645;---;;
24/09/2024;09:38:45;2220.00;;97.470;97.257;95.898;---;15.513;15.513;15.513;---;995.04;70.393;15.513;---;---;24.994;24.782;25.355;---;62.011;19.448;8.335;---;4.814;5.660;3.675;---;;
24/09/2024;09:39:15;2250.00;;97.554;96.210;95.868;---;15.512;15.512;15.512;---;995.04;70.169;15.512;---;---;24.983;24.909;25.358;---;61.962;19.442;8.333;---;4.905;5.688;3.655;---;;
24/09/2024;09:39:45;2280.00;;97.256;95.869;94.941;---;15.510;15.510;15.510;---;995.04;69.699;15.510;---;---;25.019;24.952;25.473;---;61.900;19.449;8.335;---;4.861;5.671;3.673;---;;
24/09/2024;09:40:15;2310.00;;97.358;96.795;96.034;---;15.495;15.495;15.495;---;994.95;69.309;15.495;---;---;25.10;24.841;25.340;---;61.924;19.410;8.328;---;4.855;5.698;3.682;---;;
24/09/2024;09:40:45;2340.00;;97.604;96.721;96.497;---;15.495;15.495;15.495;---;994.98;69.358;15.495;---;---;24.980;24.851;25.284;---;61.967;19.425;8.316;---;4.872;5.635;3.639;---;;
24/09/2024;09:41:15;2370.00;;97.502;96.263;95.987;---;15.501;15.501;15.501;---;995.03;69.235;15.501;---;---;24.991;24.904;25.345;---;61.935;19.456;8.330;---;4.831;5.667;3.671;---;;
24/09/2024;09:41:45;2400.00;;97.732;96.045;96.363;---;15.510;15.510;15.510;---;994.92;69.500;15.510;---;---;24.963;24.931;25.300;---;61.987;19.437;8.343;---;4.812;5.660;3.649;---;;
24/09/2024;09:42:15;2430.00;;97.275;96.099;96.875;---;15.503;15.503;15.503;---;994.96;70.077;15.503;---;---;25.018;24.926;25.237;---;61.999;19.478;8.328;---;4.886;5.639;3.656;---;;
24/09/2024;09:42:45;2460.00;;97.868;96.142;95.204;---;15.498;15.498;15.498;---;994.98;70.530;15.498;---;---;24.948;24.920;25.442;---;61.973;19.461;8.337;---;4.854;5.666;3.645;---;;
24/09/2024;09:43:15;2490.00;;97.757;96.025;95.021;---;15.505;15.505;15.505;---;994.99;70.700;15.505;---;---;24.960;24.934;25.465;---;62.057;19.483;8.331;---;4.844;5.646;3.643;---;;
24/09/2024;09:43:45;2520.00;;97.375;96.532;95.293;---;15.505;15.505;15.505;---;994.97;70.848;15.505;---;---;25.6;24.872;25.430;---;62.058;19.484;8.336;---;4.855;5.677;3.662;---;;
24/09/2024;09:44:15;2550.00;;97.667;95.816;95.244;---;15.502;15.502;15.502;---;995.00;71.041;15.502;---;---;24.971;24.959;25.436;---;62.081;19.458;8.343;---;4.868;5.685;3.645;---;;
24/09/2024;09:44:45;2580.00;;97.555;95.471;96.231;---;15.491;15.491;15.491;---;995.01;71.072;15.491;---;---;24.985;25.3;25.317;---;62.026;19.508;8.338;---;4.852;5.658;3.639;---;;
24/09/2024;09:45:15;2610.00;;97.753;95.977;95.915;---;15.491;15.491;15.491;---;994.98;71.095;15.491;---;---;24.963;24.941;25.355;---;62.056;19.482;8.347;---;4.804;5.629;3.674;---;;
24/09/2024;09:45:45;2640.00;;97.508;96.094;95.759;---;15.496;15.496;15.496;---;995.00;71.115;15.496;---;---;24.991;24.926;25.374;---;62.023;19.524;8.353;---;4.851;5.644;3.645;---;;
24/09/2024;09:46:15;2670.00;;97.613;95.728;95.474;---;15.498;15.498;15.498;---;995.00;70.772;15.498;---;---;24.978;24.970;25.409;---;62.057;19.513;8.336;---;4.885;5.685;3.646;---;;
24/09/2024;09:46:45;2700.00;;97.583;95.642;95.000;---;15.502;15.502;15.502;---;994.96;70.446;15.502;---;---;24.982;24.981;25.467;---;62.026;19.523;8.351;---;4.883;5.642;3.649;---;;
24/09/2024;09:47:15;2730.00;;97.565;95.729;94.992;---;15.487;15.487;15.487;---;994.97;70.423;15.487;---;---;24.986;24.972;25.470;---;61.993;19.498;8.343;---;4.840;5.636;3.638;---;;
24/09/2024;09:47:45;2760.00;;97.544;94.968;96.009;---;15.488;15.488;15.488;---;994.94;70.026;15.488;---;---;24.988;25.066;25.344;---;62.004;19.478;8.335;---;4.883;5.664;3.646;---;;
24/09/2024;09:48:15;2790.00;;97.340;96.115;94.585;---;15.490;15.490;15.490;---;994.98;69.437;15.490;---;---;25.12;24.925;25.520;---;62.000;19.502;8.353;---;4.868;5.689;3.644;---;;
24/09/2024;09:48:45;2820.00;;97.627;95.821;95.715;---;15.489;15.489;15.489;---;994.97;69.556;15.489;---;---;24.978;24.961;25.380;---;62.015;19.509;8.340;---;4.875;5.672;3.639;---;;
24/09/2024;09:49:15;2850.00;;97.710;95.829;95.494;---;15.487;15.487;15.487;---;994.94;69.581;15.487;---;---;24.969;24.960;25.408;---;62.048;19.512;8.337;---;4.856;5.653;3.650;---;;
24/09/2024;09:49:45;2880.00;;97.862;95.733;95.582;---;15.475;15.475;15.475;---;994.95;69.393;15.475;---;---;24.951;24.973;25.398;---;61.990;19.496;8.332;---;4.832;5.660;3.626;---;;
24/09/2024;09:50:15;2910.00;;97.345;95.396;96.351;---;15.477;15.477;15.477;---;994.98;69.765;15.477;---;---;25.013;25.014;25.305;---;61.993;19.498;8.342;---;4.913;5.654;3.642;---;;
24/09/2024;09:50:45;2940.00;;97.445;95.445;95.336;---;15.483;15.483;15.483;---;994.94;70.222;15.483;---;---;25.1;25.8;25.430;---;62.064;19.534;8.329;---;4.877;5.628;3.669;---;;
24/09/2024;09:51:15;2970.00;;97.558;96.324;96.072;---;15.487;15.487;15.487;---;994.91;70.467;15.487;---;---;24.987;24.901;25.338;---;62.075;19.509;8.335;---;4.851;5.664;3.639;---;;
24/09/2024;09:51:45;3000.00;;97.719;96.393;97.159;---;15.488;15.488;15.488;---;994.92;70.797;15.488;---;---;24.967;24.892;25.205;---;62.057;19.535;8.359;---;4.825;5.646;3.658;---;;
24/09/2024;09:52:15;3030.00;;97.422;96.064;95.968;---;15.478;15.478;15.478;---;994.97;71.051;15.478;---;---;25.4;24.932;25.351;---;62.139;19.537;8.344;---;4.870;5.663;3.671;---;;
24/09/2024;09:52:45;3060.00;;97.058;95.353;95.779;---;15.481;15.481;15.481;---;994.99;71.125;15.481;---;---;25.047;25.018;25.373;---;62.095;19.519;8.336;---;4.829;5.660;3.642;---;;
24/09/2024;09:53:15;3090.00;;97.758;96.042;95.279;---;15.493;15.493;15.493;---;995.02;71.232;15.493;---;---;24.961;24.933;25.433;---;62.123;19.556;8.344;---;4.824;5.652;3.646;---;;
24/09/2024;09:53:45;3120.00;;97.500;95.327;94.499;---;15.496;15.496;15.496;---;994.98;71.232;15.496;---;---;24.992;25.020;25.530;---;62.096;19.570;8.325;---;4.861;5.653;3.636;---;;
24/09/2024;09:54:15;3150.00;;97.367;95.287;95.953;---;15.489;15.489;15.489;---;995.02;71.217;15.489;---;---;25.8;25.025;25.350;---;62.095;19.557;8.332;---;4.841;5.618;3.631;---;;
24/09/2024;09:54:45;3180.00;;98.038;95.429;94.601;---;15.485;15.485;15.485;---;994.99;71.051;15.485;---;---;24.928;25.9;25.518;---;62.120;19.570;8.358;---;4.857;5.625;3.658;---;;
24/09/2024;09:55:15;3210.00;;97.389;95.581;95.341;---;15.480;15.480;15.480;---;994.98;70.848;15.480;---;---;25.8;24.991;25.428;---;62.078;19.551;8.352;---;4.894;5.612;3.642;---;;
24/09/2024;09:55:45;3240.00;;97.655;95.655;95.792;---;15.487;15.487;15.487;---;995.05;70.700;15.487;---;---;24.973;24.980;25.372;---;62.090;19.549;8.350;---;4.900;5.637;3.629;---;;
24/09/2024;09:56:15;3270.00;;97.678;95.227;95.462;---;15.491;15.491;15.491;---;995.03;70.087;15.491;---;---;24.971;25.032;25.410;---;62.091;19.544;8.337;---;4.846;5.621;3.621;---;;
24/09/2024;09:56:45;3300.00;;97.555;95.662;95.072;---;15.486;15.486;15.486;---;995.11;69.706;15.486;---;---;24.985;24.980;25.458;---;62.044;19.515;8.343;---;4.804;5.653;3.635;---;;
24/09/2024;09:57:15;3330.00;;97.349;95.326;96.136;---;15.478;15.478;15.478;---;995.09;69.691;15.478;---;---;25.11;25.021;25.329;---;62.058;19.539;8.350;---;4.858;5.669;3.622;---;;
24/09/2024;09:57:45;3360.00;;97.579;95.396;94.863;---;15.479;15.479;15.479;---;995.12;69.490;15.479;---;---;24.983;25.12;25.484;---;62.071;19.560;8.343;---;4.843;5.643;3.626;---;;
24/09/2024;09:58:15;3390.00;;97.485;95.236;96.173;---;15.485;15.485;15.485;---;995.05;69.330;15.485;---;---;24.995;25.031;25.324;---;62.043;19.579;8.344;---;4.882;5.622;3.630;---;;
24/09/2024;09:58:45;3420.00;;97.180;96.176;94.403;---;15.489;15.489;15.489;---;995.03;69.289;15.489;---;---;25.032;24.916;25.541;---;62.079;19.548;8.353;---;4.846;5.674;3.664;---;;
24/09/2024;09:59:15;3450.00;;97.419;95.364;96.650;---;15.474;15.474;15.474;---;995.03;69.289;15.474;---;---;25.4;25.018;25.267;---;62.073;19.564;8.344;---;4.845;5.661;3.650;---;;
24/09/2024;09:59:45;3480.00;;97.325;95.419;94.657;---;15.472;15.472;15.472;---;995.02;69.775;15.472;---;---;25.015;25.11;25.513;---;62.061;19.560;8.336;---;4.939;5.660;3.667;---;;
24/09/2024;10:00:15;3510.00;;97.171;95.774;96.033;---;15.474;15.474;15.474;---;995.03;70.309;15.474;---;---;25.034;24.967;25.342;---;62.118;19.611;8.349;---;4.865;5.649;3.658;---;;
24/09/2024;10:00:45;3540.00;;97.898;96.063;95.109;---;15.480;15.480;15.480;---;995.07;70.543;15.480;---;---;24.945;24.931;25.455;---;62.113;19.591;8.344;---;4.885;5.667;3.633;---;;
24/09/2024;10:01:15;3570.00;;97.046;95.603;95.516;---;15.486;15.486;15.486;---;995.09;70.754;15.486;---;---;25.047;24.986;25.404;---;62.181;19.615;8.349;---;4.866;5.612;3.640;---;;
24/09/2024;10:01:45;3600.00;;97.594;95.219;95.383;---;15.472;15.472;15.472;---;995.07;70.980;15.472;---;---;24.982;25.035;25.422;---;62.196;19.615;8.354;---;4.871;5.653;3.643;---;;
24/09/2024;10:02:15;3630.00;;97.661;94.768;94.975;---;15.478;15.478;15.478;---;995.04;71.095;15.478;---;---;24.974;25.090;25.472;---;62.162;19.586;8.338;---;4.893;5.667;3.655;---;;
24/09/2024;10:02:45;3660.00;;97.466;95.029;95.784;---;15.482;15.482;15.482;---;995.01;71.217;15.482;---;---;24.997;25.058;25.372;---;62.168;19.609;8.359;---;4.861;5.645;3.632;---;;
24/09/2024;10:03:15;3690.00;;97.195;95.329;95.098;---;15.488;15.488;15.488;---;995.02;71.188;15.488;---;---;25.029;25.020;25.456;---;62.136;19.627;8.344;---;4.868;5.638;3.656;---;;
24/09/2024;10:03:45;3720.00;;97.691;95.042;93.932;---;15.483;15.483;15.483;---;995.04;71.125;15.483;---;---;24.970;25.056;25.601;---;62.111;19.631;8.357;---;4.916;5.624;3.659;---;;
24/09/2024;10:04:15;3750.00;;97.031;94.984;95.432;---;15.472;15.472;15.472;---;995.01;70.911;15.472;---;---;25.051;25.065;25.416;---;62.126;19.688;8.355;---;4.857;5.664;3.615;---;;
24/09/2024;10:04:45;3780.00;;97.424;94.978;95.415;---;15.475;15.475;15.475;---;995.06;70.543;15.475;---;---;25.3;25.065;25.418;---;62.133;19.602;8.348;---;4.868;5.667;3.626;---;;
24/09/2024;10:05:15;3810.00;;97.622;95.269;95.071;---;15.475;15.475;15.475;---;995.09;70.385;15.475;---;---;24.979;25.029;25.459;---;62.093;19.546;8.351;---;4.857;5.696;3.658;---;;
24/09/2024;10:05:45;3840.00;;97.353;95.180;95.740;---;15.479;15.479;15.479;---;995.01;69.894;15.479;---;---;25.12;25.040;25.377;---;62.102;19.636;8.342;---;4.874;5.649;3.616;---;;
24/09/2024;10:06:15;3870.00;;97.531;94.916;95.147;---;15.476;15.476;15.476;---;994.98;69.353;15.476;---;---;24.991;25.073;25.452;---;62.074;19.593;8.339;---;4.854;5.642;3.620;---;;
24/09/2024;10:06:45;3900.00;;97.446;95.460;95.331;---;15.472;15.472;15.472;---;995.09;69.449;15.472;---;---;25.000;25.6;25.428;---;62.077;19.610;8.337;---;4.864;5.654;3.631;---;;
24/09/2024;10:07:15;3930.00;;97.634;94.995;96.444;---;15.476;15.476;15.476;---;995.03;69.479;15.476;---;---;24.978;25.063;25.293;---;62.096;19.626;8.352;---;4.839;5.673;3.622;---;;
24/09/2024;10:07:45;3960.00;;97.478;94.361;95.164;---;15.479;15.479;15.479;---;995.08;69.396;15.479;---;---;24.995;25.141;25.448;---;62.105;19.598;8.354;---;4.825;5.683;3.646;---;;
24/09/2024;10:08:15;3990.00;;97.508;94.854;94.982;---;15.483;15.483;15.483;---;995.11;69.371;15.483;---;---;24.991;25.079;25.469;---;62.062;19.618;8.359;---;4.880;5.657;3.655;---;;
24/09/2024;10:08:45;4020.00;;97.483;95.041;96.254;---;15.475;15.475;15.475;---;995.04;69.240;15.475;---;---;24.996;25.058;25.315;---;62.062;19.623;8.341;---;4.848;5.662;3.640;---;;
24/09/2024;10:09:15;4050.00;;97.197;94.702;95.195;---;15.473;15.473;15.473;---;995.08;69.233;15.473;---;---;25.031;25.100;25.445;---;62.119;19.619;8.343;---;4.861;5.661;3.642;---;;
24/09/2024;10:09:45;4080.00;;97.473;94.667;94.864;---;15.471;15.471;15.471;---;995.08;69.586;15.471;---;---;24.997;25.103;25.486;---;62.058;19.623;8.343;---;4.855;5.666;3.639;---;;
24/09/2024;10:10:15;4110.00;;97.563;94.628;95.828;---;15.474;15.474;15.474;---;995.09;69.981;15.474;---;---;24.986;25.108;25.367;---;62.119;19.629;8.348;---;4.881;5.641;3.665;---;;
24/09/2024;10:10:45;4140.00;;97.086;95.482;94.980;---;15.476;15.476;15.476;---;995.09;70.097;15.476;---;---;25.043;25.2;25.471;---;62.128;19.641;8.336;---;4.866;5.650;3.652;---;;
24/09/2024;10:11:15;4170.00;;97.496;95.089;95.501;---;15.463;15.463;15.463;---;995.10;70.393;15.463;---;---;24.995;25.052;25.409;---;62.181;19.650;8.367;---;4.823;5.636;3.669;---;;
24/09/2024;10:11:45;4200.00;;97.473;94.634;95.395;---;15.463;15.463;15.463;---;995.10;70.639;15.463;---;---;24.998;25.108;25.421;---;62.193;19.652;8.360;---;4.845;5.699;3.642;---;;
24/09/2024;10:12:15;4230.00;;97.432;95.165;95.534;---;15.470;15.470;15.470;---;995.08;70.820;15.470;---;---;25.2;25.042;25.404;---;62.207;19.677;8.367;---;4.830;5.674;3.657;---;;
24/09/2024;10:12:45;4260.00;;97.172;95.074;95.657;---;15.463;15.463;15.463;---;995.10;70.957;15.463;---;---;25.034;25.054;25.389;---;62.182;19.653;8.370;---;4.846;5.623;3.656;---;;
24/09/2024;10:13:15;4290.00;;97.425;94.654;94.783;---;15.471;15.471;15.471;---;995.09;70.980;15.471;---;---;25.3;25.105;25.495;---;62.187;19.661;8.366;---;4.864;5.691;3.668;---;;
24/09/2024;10:13:45;4320.00;;97.633;94.813;96.557;---;15.463;15.463;15.463;---;995.10;70.947;15.463;---;---;24.979;25.086;25.279;---;62.234;19.642;8.375;---;4.911;5.639;3.639;---;;
24/09/2024;10:14:15;4350.00;;97.492;94.213;95.100;---;15.461;15.461;15.461;---;995.09;70.734;15.461;---;---;24.996;25.162;25.458;---;62.148;19.643;8.366;---;4.853;5.685;3.639;---;;
24/09/2024;10:14:45;4380.00;;97.338;94.645;96.103;---;15.466;15.466;15.466;---;995.10;70.499;15.466;---;---;25.014;25.106;25.334;---;62.229;19.663;8.363;---;4.882;5.618;3.652;---;;
24/09/2024;10:15:15;4410.00;;97.459;95.821;96.026;---;15.468;15.468;15.468;---;995.13;70.245;15.468;---;---;24.999;24.961;25.343;---;62.188;19.652;8.354;---;4.869;5.626;3.661;---;;
24/09/2024;10:15:45;4440.00;;97.755;94.411;95.543;---;15.476;15.476;15.476;---;995.14;69.792;15.476;---;---;24.962;25.135;25.401;---;62.196;19.622;8.354;---;4.852;5.666;3.637;---;;
24/09/2024;10:16:15;4470.00;;97.375;95.268;95.085;---;15.466;15.466;15.466;---;995.16;69.642;15.466;---;---;25.9;25.029;25.459;---;62.164;19.623;8.372;---;4.875;5.649;3.652;---;;
24/09/2024;10:16:45;4500.00;;97.529;94.734;94.618;---;15.468;15.468;15.468;---;995.15;69.363;15.468;---;---;24.990;25.094;25.517;---;62.103;19.665;8.377;---;4.888;5.649;3.650;---;;
24/09/2024;10:17:15;4530.00;;97.377;95.794;95.060;---;15.480;15.480;15.480;---;995.15;69.439;15.480;---;---;25.7;24.963;25.460;---;62.112;19.603;8.360;---;4.818;5.620;3.639;---;;
24/09/2024;10:17:45;4560.00;;97.605;94.888;94.897;---;15.480;15.480;15.480;---;995.09;69.240;15.480;---;---;24.980;25.075;25.480;---;62.147;19.639;8.365;---;4.898;5.673;3.635;---;;
24/09/2024;10:18:15;4590.00;;97.428;94.867;95.040;---;15.475;15.475;15.475;---;995.13;69.233;15.475;---;---;25.2;25.078;25.463;---;62.125;19.632;8.365;---;4.866;5.679;3.639;---;;
24/09/2024;10:18:45;4620.00;;97.505;93.840;95.588;---;15.458;15.458;15.458;---;995.13;69.279;15.458;---;---;24.994;25.207;25.398;---;62.133;19.626;8.378;---;4.826;5.660;3.644;---;;
24/09/2024;10:19:15;4650.00;;97.417;95.589;94.951;---;15.455;15.455;15.455;---;995.13;69.739;15.455;---;---;25.5;24.991;25.477;---;62.136;19.630;8.369;---;4.857;5.671;3.662;---;;
24/09/2024;10:19:45;4680.00;;97.328;95.086;94.164;---;15.463;15.463;15.463;---;995.13;70.080;15.463;---;---;25.015;25.052;25.574;---;62.183;19.626;8.360;---;4.932;5.688;3.654;---;;
24/09/2024;10:20:15;4710.00;;97.129;94.446;94.693;---;15.467;15.467;15.467;---;995.17;70.291;15.467;---;---;25.038;25.130;25.506;---;62.206;19.665;8.376;---;4.839;5.689;3.630;---;;
24/09/2024;10:20:45;4740.00;;97.339;94.396;95.322;---;15.465;15.465;15.465;---;995.15;70.454;15.465;---;---;25.013;25.136;25.430;---;62.219;19.679;8.373;---;4.912;5.662;3.670;---;;
24/09/2024;10:21:15;4770.00;;97.145;94.527;95.873;---;15.464;15.464;15.464;---;995.13;70.670;15.464;---;---;25.037;25.120;25.362;---;62.224;19.701;8.362;---;4.853;5.672;3.660;---;;
24/09/2024;10:21:45;4800.00;;97.137;94.374;94.684;---;15.469;15.469;15.469;---;995.12;70.858;15.469;---;---;25.037;25.140;25.508;---;62.239;19.678;8.366;---;4.841;5.673;3.651;---;;
24/09/2024;10:22:15;4830.00;;97.331;95.113;96.126;---;15.474;15.474;15.474;---;995.20;71.041;15.474;---;---;25.12;25.047;25.328;---;62.246;19.710;8.364;---;4.906;5.628;3.655;---;;
24/09/2024;10:22:45;4860.00;;97.326;94.439;95.709;---;15.479;15.479;15.479;---;995.10;71.011;15.479;---;---;25.014;25.130;25.381;---;62.246;19.702;8.349;---;4.912;5.670;3.641;---;;
24/09/2024;10:23:15;4890.00;;97.112;94.585;95.324;---;15.467;15.467;15.467;---;995.13;70.873;15.467;---;---;25.041;25.114;25.429;---;62.261;19.684;8.380;---;4.882;5.709;3.646;---;;
24/09/2024;10:23:45;4920.00;;97.409;94.481;94.045;---;15.459;15.459;15.459;---;995.16;70.660;15.459;---;---;25.5;25.127;25.589;---;62.177;19.665;8.358;---;4.844;5.693;3.664;---;;
24/09/2024;10:24:15;4950.00;;97.564;94.773;94.415;---;15.461;15.461;15.461;---;995.17;70.436;15.461;---;---;24.986;25.091;25.543;---;62.200;19.685;8.370;---;4.829;5.661;3.642;---;;
24/09/2024;10:24:45;4980.00;;97.040;94.458;95.265;---;15.472;15.472;15.472;---;995.18;70.055;15.472;---;---;25.048;25.128;25.435;---;62.194;19.667;8.348;---;4.895;5.680;3.654;---;;
24/09/2024;10:25:15;5010.00;;97.323;94.028;96.044;---;15.476;15.476;15.476;---;995.15;69.607;15.476;---;---;25.014;25.182;25.339;---;62.133;19.679;8.362;---;4.848;5.640;3.638;---;;
24/09/2024;10:25:45;5040.00;;97.339;95.009;96.067;---;15.477;15.477;15.477;---;995.23;69.660;15.477;---;---;25.11;25.058;25.336;---;62.193;19.699;8.363;---;4.831;5.676;3.641;---;;
24/09/2024;10:26:15;5070.00;;97.456;93.962;95.928;---;15.474;15.474;15.474;---;995.22;69.614;15.474;---;---;24.997;25.189;25.353;---;62.154;19.728;8.355;---;4.852;5.657;3.639;---;;
24/09/2024;10:26:45;5100.00;;97.292;94.558;95.609;---;15.475;15.475;15.475;---;995.16;69.508;15.475;---;---;25.017;25.115;25.392;---;62.137;19.695;8.364;---;4.877;5.626;3.654;---;;
24/09/2024;10:27:15;5130.00;;97.371;94.469;95.053;---;15.475;15.475;15.475;---;995.23;69.416;15.475;---;---;25.7;25.126;25.461;---;62.161;19.679;8.355;---;4.830;5.647;3.645;---;;
24/09/2024;10:27:45;5160.00;;97.626;94.196;95.233;---;15.475;15.475;15.475;---;995.20;69.439;15.475;---;---;24.977;25.160;25.438;---;62.191;19.693;8.346;---;4.860;5.667;3.647;---;;
24/09/2024;10:28:15;5190.00;;97.315;94.306;95.381;---;15.466;15.466;15.466;---;995.24;69.279;15.466;---;---;25.015;25.147;25.421;---;62.143;19.711;8.368;---;4.809;5.648;3.620;---;;
24/09/2024;10:28:45;5220.00;;96.898;93.924;95.722;---;15.463;15.463;15.463;---;995.21;69.289;15.463;---;---;25.066;25.195;25.379;---;62.175;19.706;8.342;---;4.866;5.627;3.666;---;;
24/09/2024;10:29:15;5250.00;;97.260;94.494;94.985;---;15.469;15.469;15.469;---;995.17;69.215;15.469;---;---;25.021;25.124;25.470;---;62.146;19.690;8.372;---;4.899;5.653;3.650;---;;
24/09/2024;10:29:45;5280.00;;96.987;93.541;94.388;---;15.467;15.467;15.467;---;995.18;69.269;15.467;---;---;25.055;25.244;25.545;---;62.142;19.699;8.352;---;4.840;5.643;3.643;---;;
24/09/2024;10:30:15;5310.00;;97.462;94.712;94.878;---;15.468;15.468;15.468;---;995.16;69.144;15.468;---;---;24.998;25.097;25.483;---;62.157;19.711;8.361;---;4.833;5.674;3.646;---;;
24/09/2024;10:30:45;5340.00;;97.114;94.349;94.777;---;15.460;15.460;15.460;---;995.16;68.897;15.460;---;---;25.041;25.143;25.497;---;62.179;19.725;8.353;---;4.852;5.618;3.639;---;;
24/09/2024;10:31:15;5370.00;;97.233;93.656;95.761;---;15.452;15.452;15.452;---;995.15;69.035;15.452;---;---;25.028;25.231;25.377;---;62.173;19.747;8.369;---;4.865;5.663;3.648;---;;
24/09/2024;10:31:45;5400.00;;97.434;94.404;95.212;---;15.453;15.453;15.453;---;995.17;68.874;15.453;---;---;25.3;25.137;25.444;---;62.211;19.742;8.357;---;4.856;5.634;3.644;---;;
24/09/2024;10:32:15;5430.00;;97.372;93.884;96.779;---;15.453;15.453;15.453;---;995.16;69.126;15.453;---;---;25.10;25.202;25.252;---;62.184;19.733;8.370;---;4.849;5.660;3.636;---;;
24/09/2024;10:32:45;5460.00;;97.231;94.535;95.312;---;15.454;15.454;15.454;---;995.07;69.406;15.454;---;---;25.029;25.122;25.432;---;62.246;19.752;8.367;---;4.848;5.663;3.644;---;;
24/09/2024;10:33:15;5490.00;;97.377;93.776;95.642;---;15.452;15.452;15.452;---;995.12;69.660;15.452;---;---;25.10;25.216;25.392;---;62.250;19.739;8.369;---;4.883;5.656;3.669;---;;
24/09/2024;10:33:45;5520.00;;97.116;94.689;95.214;---;15.454;15.454;15.454;---;995.09;69.790;15.454;---;---;25.042;25.102;25.445;---;62.263;19.767;8.362;---;4.900;5.693;3.660;---;;
24/09/2024;10:34:15;5550.00;;97.211;93.783;95.982;---;15.461;15.461;15.461;---;995.11;70.011;15.461;---;---;25.029;25.215;25.348;---;62.256;19.768;8.363;---;4.891;5.672;3.659;---;;
24/09/2024;10:34:45;5580.00;;97.406;93.481;95.785;---;15.465;15.465;15.465;---;995.13;70.217;15.465;---;---;25.5;25.251;25.373;---;62.301;19.764;8.367;---;4.851;5.690;3.655;---;;
24/09/2024;10:35:15;5610.00;;97.364;94.033;95.334;---;15.464;15.464;15.464;---;995.11;70.416;15.464;---;---;25.11;25.183;25.428;---;62.249;19.751;8.377;---;4.846;5.686;3.665;---;;
24/09/2024;10:35:45;5640.00;;97.240;94.150;94.936;---;15.448;15.448;15.448;---;995.11;70.469;15.448;---;---;25.028;25.170;25.479;---;62.290;19.784;8.378;---;4.878;5.699;3.641;---;;
24/09/2024;10:36:15;5670.00;;97.273;93.951;95.417;---;15.456;15.456;15.456;---;995.14;70.401;15.456;---;---;25.023;25.194;25.419;---;62.254;19.761;8.370;---;4.840;5.665;3.636;---;;
24/09/2024;10:36:45;5700.00;;97.210;93.480;95.141;---;15.461;15.461;15.461;---;995.15;70.324;15.461;---;---;25.029;25.252;25.452;---;62.279;19.768;8.367;---;4.905;5.676;3.661;---;;
24/09/2024;10:37:15;5730.00;;97.251;93.322;95.707;---;15.461;15.461;15.461;---;995.15;70.026;15.461;---;---;25.025;25.272;25.383;---;62.264;19.769;8.376;---;4.860;5.634;3.605;---;;
24/09/2024;10:37:45;5760.00;;97.331;94.017;97.167;---;15.462;15.462;15.462;---;995.09;69.683;15.462;---;---;25.015;25.186;25.205;---;62.199;19.728;8.352;---;4.882;5.670;3.636;---;;
24/09/2024;10:38:15;5790.00;;97.265;94.306;95.984;---;15.453;15.453;15.453;---;995.17;69.439;15.453;---;---;25.024;25.150;25.349;---;62.159;19.705;8.369;---;4.892;5.679;3.670;---;;
24/09/2024;10:38:45;5820.00;;97.081;94.314;94.911;---;15.455;15.455;15.455;---;995.11;69.248;15.455;---;---;25.046;25.148;25.481;---;62.202;19.743;8.353;---;4.857;5.660;3.639;---;;
24/09/2024;10:39:15;5850.00;;97.040;94.122;94.557;---;15.455;15.455;15.455;---;995.16;69.141;15.455;---;---;25.050;25.172;25.525;---;62.181;19.785;8.376;---;4.842;5.688;3.654;---;;
24/09/2024;10:39:45;5880.00;;97.091;93.581;94.657;---;15.454;15.454;15.454;---;995.13;69.119;15.454;---;---;25.044;25.240;25.513;---;62.234;19.732;8.363;---;4.841;5.636;3.635;---;;
24/09/2024;10:40:15;5910.00;;97.130;94.330;94.246;---;15.452;15.452;15.452;---;995.13;69.172;15.452;---;---;25.040;25.147;25.564;---;62.185;19.763;8.370;---;4.870;5.694;3.636;---;;
24/09/2024;10:40:45;5940.00;;97.300;94.198;95.375;---;15.448;15.448;15.448;---;995.18;69.119;15.448;---;---;25.019;25.163;25.424;---;62.268;19.757;8.373;---;4.914;5.696;3.652;---;;
24/09/2024;10:41:15;5970.00;;97.087;93.831;95.724;---;15.455;15.455;15.455;---;995.16;69.126;15.455;---;---;25.045;25.209;25.380;---;62.265;19.738;8.367;---;4.863;5.644;3.647;---;;
24/09/2024;10:41:45;6000.00;;96.920;93.364;95.688;---;15.461;15.461;15.461;---;995.20;69.126;15.461;---;---;25.064;25.266;25.384;---;62.181;19.706;8.363;---;4.884;5.653;3.616;---;;
24/09/2024;10:42:15;6030.00;;96.817;94.634;95.170;---;15.464;15.464;15.464;---;995.15;68.981;15.464;---;---;25.076;25.108;25.448;---;62.250;19.709;8.356;---;4.858;5.684;3.659;---;;
24/09/2024;10:42:45;6060.00;;97.045;93.892;95.257;---;15.462;15.462;15.462;---;995.14;68.948;15.462;---;---;25.049;25.201;25.437;---;62.243;19.755;8.363;---;4.873;5.678;3.690;---;;
24/09/2024;10:43:15;6090.00;;97.107;93.166;94.770;---;15.458;15.458;15.458;---;995.16;68.874;15.458;---;---;25.041;25.292;25.498;---;62.194;19.724;8.358;---;4.901;5.671;3.632;---;;
24/09/2024;10:43:45;6120.00;;97.359;93.581;96.946;---;15.458;15.458;15.458;---;995.11;68.768;15.458;---;---;25.12;25.241;25.231;---;62.215;19.772;8.366;---;4.887;5.689;3.641;---;;
24/09/2024;10:44:15;6150.00;;96.921;93.881;94.923;---;15.460;15.460;15.460;---;995.18;68.793;15.460;---;---;25.064;25.201;25.479;---;62.216;19.786;8.362;---;4.884;5.657;3.656;---;;
24/09/2024;10:44:45;6180.00;;97.385;93.352;95.802;---;15.468;15.468;15.468;---;995.18;68.775;15.468;---;---;25.7;25.267;25.369;---;62.227;19.753;8.355;---;4.821;5.630;3.628;---;;
24/09/2024;10:45:15;6210.00;;97.146;93.869;95.256;---;15.460;15.460;15.460;---;995.14;68.592;15.460;---;---;25.037;25.203;25.438;---;62.219;19.793;8.364;---;4.877;5.647;3.650;---;;
24/09/2024;10:45:45;6240.00;;97.219;94.218;96.281;---;15.462;15.462;15.462;---;995.13;68.531;15.462;---;---;25.028;25.160;25.315;---;62.239;19.772;8.356;---;4.848;5.637;3.617;---;;
24/09/2024;10:46:15;6270.00;;97.120;93.546;96.052;---;15.462;15.462;15.462;---;995.16;68.503;15.462;---;---;25.040;25.243;25.340;---;62.198;19.784;8.353;---;4.918;5.707;3.676;---;;
24/09/2024;10:46:45;6300.00;;97.183;92.234;95.752;---;15.461;15.461;15.461;---;995.17;68.503;15.461;---;---;25.032;25.411;25.376;---;62.253;19.743;8.359;---;4.855;5.657;3.646;---;;
24/09/2024;10:47:15;6330.00;;96.826;93.373;95.221;---;15.455;15.455;15.455;---;995.12;68.341;15.455;---;---;25.077;25.267;25.443;---;62.245;19.774;8.365;---;4.875;5.672;3.648;---;;
24/09/2024;10:47:45;6360.00;;97.120;93.266;95.668;---;15.448;15.448;15.448;---;995.10;68.592;15.448;---;---;25.042;25.281;25.391;---;62.252;19.751;8.373;---;4.893;5.653;3.650;---;;
24/09/2024;10:48:15;6390.00;;97.137;93.256;94.779;---;15.447;15.447;15.447;---;995.18;68.722;15.447;---;---;25.039;25.282;25.499;---;62.257;19.785;8.365;---;4.779;5.686;3.647;---;;
24/09/2024;10:48:45;6420.00;;97.264;93.493;96.181;---;15.455;15.455;15.455;---;995.16;68.882;15.455;---;---;25.023;25.251;25.325;---;62.300;19.794;8.365;---;4.810;5.668;3.667;---;;
24/09/2024;10:49:15;6450.00;;96.889;93.941;95.123;---;15.462;15.462;15.462;---;995.18;69.141;15.462;---;---;25.067;25.194;25.453;---;62.272;19.795;8.378;---;4.807;5.663;3.640;---;;
24/09/2024;10:49:45;6480.00;;96.916;94.250;94.988;---;15.468;15.468;15.468;---;995.16;69.416;15.468;---;---;25.064;25.155;25.470;---;62.348;19.798;8.339;---;4.801;5.638;3.628;---;;
24/09/2024;10:50:15;6510.00;;97.193;93.523;93.978;---;15.460;15.460;15.460;---;995.17;69.670;15.460;---;---;25.031;25.247;25.597;---;62.340;19.787;8.359;---;4.847;5.668;3.640;---;;
24/09/2024;10:50:45;6540.00;;96.991;93.419;94.231;---;15.460;15.460;15.460;---;995.29;70.042;15.460;---;---;25.054;25.258;25.563;---;62.356;19.807;8.370;---;4.893;5.673;3.632;---;;
24/09/2024;10:51:15;6570.00;;97.254;93.193;94.836;---;15.468;15.468;15.468;---;995.25;70.265;15.468;---;---;25.022;25.286;25.487;---;62.367;19.781;8.372;---;4.848;5.694;3.649;---;;
24/09/2024;10:51:45;6600.00;;97.040;93.748;95.324;---;15.474;15.474;15.474;---;995.28;70.370;15.474;---;---;25.047;25.215;25.427;---;62.333;19.782;8.373;---;4.867;5.635;3.619;---;;
24/09/2024;10:52:15;6630.00;;97.325;93.746;94.614;---;15.466;15.466;15.466;---;995.25;70.321;15.466;---;---;25.014;25.217;25.516;---;62.344;19.811;8.336;---;4.878;5.635;3.649;---;;
24/09/2024;10:52:45;6660.00;;96.857;93.681;96.238;---;15.462;15.462;15.462;---;995.26;70.202;15.462;---;---;25.071;25.225;25.316;---;62.306;19.815;8.366;---;4.846;5.657;3.635;---;;
24/09/2024;10:53:15;6690.00;;96.888;93.400;95.265;---;15.463;15.463;15.463;---;995.35;70.052;15.463;---;---;25.065;25.260;25.435;---;62.245;19.781;8.371;---;4.860;5.665;3.626;---;;
24/09/2024;10:53:45;6720.00;;97.254;93.329;94.896;---;15.458;15.458;15.458;---;995.29;69.716;15.458;---;---;25.022;25.270;25.481;---;62.274;19.801;8.343;---;4.803;5.689;3.643;---;;
24/09/2024;10:54:15;6750.00;;97.173;93.867;95.972;---;15.466;15.466;15.466;---;995.37;69.243;15.466;---;---;25.030;25.200;25.347;---;62.284;19.739;8.337;---;4.827;5.653;3.636;---;;
24/09/2024;10:54:45;6780.00;;96.825;93.706;95.097;---;15.461;15.461;15.461;---;995.37;69.141;15.461;---;---;25.073;25.222;25.454;---;62.240;19.765;8.352;---;4.844;5.623;3.611;---;;
24/09/2024;10:55:15;6810.00;;96.655;93.019;94.939;---;15.453;15.453;15.453;---;995.41;69.119;15.453;---;---;25.095;25.308;25.475;---;62.230;19.771;8.351;---;4.840;5.643;3.642;---;;
24/09/2024;10:55:45;6840.00;;97.123;93.451;96.764;---;15.463;15.463;15.463;---;995.40;69.172;15.463;---;---;25.036;25.252;25.250;---;62.272;19.782;8.344;---;4.850;5.664;3.597;---;;
24/09/2024;10:56:15;6870.00;;97.056;93.464;95.238;---;15.465;15.465;15.465;---;995.39;69.172;15.465;---;---;25.045;25.250;25.438;---;62.238;19.818;8.360;---;4.868;5.664;3.631;---;;
24/09/2024;10:56:45;6900.00;;96.663;93.626;95.685;---;15.468;15.468;15.468;---;995.45;69.248;15.468;---;---;25.091;25.230;25.381;---;62.302;19.823;8.358;---;4.835;5.665;3.630;---;;
24/09/2024;10:57:15;6930.00;;96.910;92.948;95.890;---;15.453;15.453;15.453;---;995.40;69.309;15.453;---;---;25.063;25.317;25.358;---;62.240;19.840;8.351;---;4.898;5.629;3.631;---;;
24/09/2024;10:57:45;6960.00;;97.492;93.354;95.388;---;15.446;15.446;15.446;---;995.45;69.345;15.446;---;---;24.993;25.266;25.420;---;62.268;19.824;8.363;---;4.820;5.627;3.629;---;;
24/09/2024;10:58:15;6990.00;;97.057;93.030;94.941;---;15.448;15.448;15.448;---;995.47;69.424;15.448;---;---;25.045;25.306;25.475;---;62.256;19.862;8.382;---;4.815;5.651;3.640;---;;
24/09/2024;10:58:45;7020.00;;97.028;93.495;94.656;---;15.448;15.448;15.448;---;995.49;69.469;15.448;---;---;25.048;25.247;25.509;---;62.320;19.842;8.360;---;4.864;5.659;3.640;---;;
24/09/2024;10:59:15;7050.00;;97.293;93.110;95.548;---;15.457;15.457;15.457;---;995.47;69.469;15.457;---;---;25.016;25.296;25.399;---;62.268;19.843;8.354;---;4.829;5.640;3.643;---;;
24/09/2024;10:59:45;7080.00;;96.880;92.356;94.840;---;15.449;15.449;15.449;---;995.48;69.378;15.449;---;---;25.067;25.391;25.487;---;62.261;19.864;8.343;---;4.811;5.672;3.664;---;;
24/09/2024;11:00:15;7110.00;;97.113;92.414;94.972;---;15.451;15.451;15.451;---;995.42;69.416;15.451;---;---;25.039;25.385;25.471;---;62.266;19.849;8.362;---;4.813;5.653;3.662;---;;
24/09/2024;11:00:45;7140.00;;97.039;92.587;95.408;---;15.456;15.456;15.456;---;995.47;69.363;15.456;---;---;25.046;25.362;25.416;---;62.251;19.891;8.363;---;4.854;5.644;3.657;---;;
24/09/2024;11:01:15;7170.00;;97.009;92.243;95.035;---;15.465;15.465;15.465;---;995.47;69.386;15.465;---;---;25.049;25.405;25.460;---;62.268;19.827;8.346;---;4.848;5.679;3.654;---;;
24/09/2024;11:01:45;7200.00;;96.998;92.624;94.356;---;15.465;15.465;15.465;---;995.47;69.309;15.465;---;---;25.050;25.356;25.545;---;62.278;19.895;8.358;---;4.846;5.667;3.657;---;;
24/09/2024;11:02:15;7230.00;;97.129;93.355;95.213;---;15.455;15.455;15.455;---;995.52;69.258;15.455;---;---;25.035;25.264;25.440;---;62.271;19.858;8.366;---;4.842;5.690;3.675;---;;
24/09/2024;11:02:45;7260.00;;97.063;93.105;95.157;---;15.452;15.452;15.452;---;995.55;69.248;15.452;---;---;25.044;25.295;25.447;---;62.312;19.870;8.360;---;4.842;5.692;3.652;---;;
24/09/2024;11:03:15;7290.00;;96.873;92.370;95.365;---;15.455;15.455;15.455;---;995.50;69.248;15.455;---;---;25.067;25.389;25.421;---;62.280;19.884;8.358;---;4.865;5.661;3.625;---;;
24/09/2024;11:03:45;7320.00;;97.008;92.351;96.544;---;15.460;15.460;15.460;---;995.49;69.225;15.460;---;---;25.049;25.391;25.276;---;62.314;19.885;8.358;---;4.837;5.668;3.636;---;;
24/09/2024;11:04:15;7350.00;;97.043;93.109;95.594;---;15.468;15.468;15.468;---;995.46;69.240;15.468;---;---;25.045;25.294;25.392;---;62.285;19.896;8.370;---;4.865;5.638;3.647;---;;
24/09/2024;11:04:45;7380.00;;96.933;92.726;95.914;---;15.463;15.463;15.463;---;995.58;69.172;15.463;---;---;25.057;25.342;25.352;---;62.295;19.893;8.332;---;4.891;5.648;3.656;---;;
24/09/2024;11:05:15;7410.00;;96.846;92.431;95.178;---;15.465;15.465;15.465;---;995.51;69.172;15.465;---;---;25.069;25.380;25.442;---;62.277;19.922;8.358;---;4.811;5.680;3.657;---;;
24/09/2024;11:05:45;7440.00;;96.810;92.101;95.426;---;15.470;15.470;15.470;---;995.52;69.035;15.470;---;---;25.073;25.421;25.412;---;62.286;19.909;8.363;---;4.854;5.653;3.594;---;;
24/09/2024;11:06:15;7470.00;;96.897;91.940;94.804;---;15.478;15.478;15.478;---;995.47;69.017;15.478;---;---;25.062;25.442;25.489;---;62.295;19.960;8.358;---;4.833;5.635;3.665;---;;
24/09/2024;11:06:45;7500.00;;96.760;91.854;95.471;---;15.466;15.466;15.466;---;995.50;69.162;15.466;---;---;25.079;25.454;25.406;---;62.309;19.967;8.363;---;4.866;5.629;3.643;---;;
24/09/2024;11:07:15;7530.00;;96.974;92.556;95.358;---;15.457;15.457;15.457;---;995.48;69.098;15.457;---;---;25.054;25.365;25.422;---;62.326;19.943;8.355;---;4.816;5.670;3.631;---;;
24/09/2024;11:07:45;7560.00;;96.928;91.457;96.596;---;15.457;15.457;15.457;---;995.47;69.045;15.457;---;---;25.060;25.506;25.270;---;62.312;19.956;8.334;---;4.834;5.661;3.641;---;;
24/09/2024;11:08:15;7590.00;;96.729;92.004;94.735;---;15.466;15.466;15.466;---;995.43;69.088;15.466;---;---;25.083;25.435;25.498;---;62.316;19.925;8.352;---;4.806;5.697;3.638;---;;
24/09/2024;11:08:45;7620.00;;97.037;92.335;94.985;---;15.468;15.468;15.468;---;995.40;68.981;15.468;---;---;25.046;25.393;25.467;---;62.327;19.918;8.358;---;4.851;5.639;3.632;---;;
24/09/2024;11:09:15;7650.00;;96.926;92.194;94.757;---;15.467;15.467;15.467;---;995.40;68.991;15.467;---;---;25.060;25.412;25.496;---;62.335;19.921;8.350;---;4.838;5.623;3.625;---;;
24/09/2024;11:09:45;7680.00;;96.448;91.755;94.432;---;15.463;15.463;15.463;---;995.34;69.065;15.463;---;---;25.119;25.469;25.538;---;62.303;19.934;8.350;---;4.892;5.636;3.641;---;;
24/09/2024;11:10:15;7710.00;;96.628;92.083;95.503;---;15.462;15.462;15.462;---;995.38;69.037;15.462;---;---;25.097;25.426;25.405;---;62.277;19.959;8.355;---;4.892;5.673;3.642;---;;
24/09/2024;11:10:45;7740.00;;96.655;91.400;95.657;---;15.468;15.468;15.468;---;995.35;68.979;15.468;---;---;25.093;25.514;25.385;---;62.298;19.949;8.357;---;4.819;5.613;3.638;---;;
24/09/2024;11:11:15;7770.00;;97.064;92.087;96.092;---;15.475;15.475;15.475;---;995.33;69.012;15.475;---;---;25.043;25.425;25.331;---;62.299;19.920;8.360;---;4.835;5.664;3.624;---;;
24/09/2024;11:11:45;7800.00;;96.840;92.726;96.302;---;15.466;15.466;15.466;---;995.37;69.012;15.466;---;---;25.071;25.344;25.307;---;62.267;19.971;8.368;---;4.853;5.675;3.639;---;;
24/09/2024;11:12:15;7830.00;;96.495;91.660;95.847;---;15.461;15.461;15.461;---;995.33;68.928;15.461;---;---;25.114;25.481;25.363;---;62.371;19.970;8.366;---;4.847;5.653;3.633;---;;
24/09/2024;11:12:45;7860.00;;96.782;91.705;95.383;---;15.464;15.464;15.464;---;995.33;68.989;15.464;---;---;25.079;25.474;25.419;---;62.268;20.2;8.374;---;4.844;5.633;3.637;---;;
24/09/2024;11:13:15;7890.00;;96.757;91.357;94.424;---;15.466;15.466;15.466;---;995.36;69.012;15.466;---;---;25.081;25.519;25.538;---;62.335;19.989;8.372;---;4.813;5.661;3.639;---;;
24/09/2024;11:13:45;7920.00;;96.736;92.904;95.302;---;15.474;15.474;15.474;---;995.34;69.012;15.474;---;---;25.083;25.321;25.428;---;62.252;19.917;8.359;---;4.832;5.664;3.625;---;;
24/09/2024;11:14:15;7950.00;;96.670;92.090;94.102;---;15.471;15.471;15.471;---;995.37;69.096;15.471;---;---;25.091;25.424;25.577;---;62.310;20.2;8.363;---;4.925;5.665;3.650;---;;
24/09/2024;11:14:45;7980.00;;96.795;91.806;95.676;---;15.471;15.471;15.471;---;995.44;69.012;15.471;---;---;25.075;25.461;25.382;---;62.310;19.979;8.357;---;4.872;5.647;3.642;---;;
24/09/2024;11:15:15;8010.00;;96.792;91.649;95.205;---;15.470;15.470;15.470;---;995.45;69.012;15.470;---;---;25.076;25.480;25.439;---;62.290;19.959;8.374;---;4.832;5.630;3.660;---;;
24/09/2024;11:15:45;8040.00;;96.640;91.826;95.087;---;15.470;15.470;15.470;---;995.51;68.979;15.470;---;---;25.093;25.457;25.453;---;62.326;19.968;8.366;---;4.837;5.670;3.621;---;;
24/09/2024;11:16:15;8070.00;;96.770;91.609;94.775;---;15.468;15.468;15.468;---;995.49;69.012;15.468;---;---;25.077;25.485;25.492;---;62.330;19.982;8.348;---;4.832;5.675;3.645;---;;
24/09/2024;11:16:45;8100.00;;96.766;91.272;94.357;---;15.461;15.461;15.461;---;995.57;68.968;15.461;---;---;25.078;25.528;25.545;---;62.276;19.977;8.341;---;4.830;5.633;3.644;---;;
24/09/2024;11:17:15;8130.00;;96.815;91.568;94.660;---;15.454;15.454;15.454;---;995.65;68.874;15.454;---;---;25.071;25.490;25.507;---;62.296;19.956;8.361;---;4.843;5.627;3.637;---;;
24/09/2024;11:17:45;8160.00;;97.095;91.320;94.797;---;15.458;15.458;15.458;---;995.58;68.958;15.458;---;---;25.038;25.522;25.490;---;62.341;19.964;8.362;---;4.842;5.663;3.648;---;;
24/09/2024;11:18:15;8190.00;;96.509;91.893;93.989;---;15.461;15.461;15.461;---;995.62;69.119;15.461;---;---;25.108;25.448;25.590;---;62.326;19.981;8.336;---;4.809;5.654;3.645;---;;
24/09/2024;11:18:45;8220.00;;96.744;91.573;94.678;---;15.461;15.461;15.461;---;995.58;69.340;15.461;---;---;25.081;25.489;25.504;---;62.375;19.989;8.367;---;4.783;5.652;3.635;---;;
24/09/2024;11:19:15;8250.00;;96.581;91.613;95.099;---;15.456;15.456;15.456;---;995.64;69.553;15.456;---;---;25.100;25.484;25.451;---;62.356;19.988;8.361;---;4.857;5.643;3.643;---;;
24/09/2024;11:19:45;8280.00;;96.498;91.810;95.913;---;15.463;15.463;15.463;---;995.57;69.843;15.463;---;---;25.110;25.458;25.351;---;62.345;19.993;8.358;---;4.875;5.644;3.643;---;;
24/09/2024;11:20:15;8310.00;;96.801;91.895;94.699;---;15.465;15.465;15.465;---;995.55;70.255;15.465;---;---;25.074;25.448;25.502;---;62.383;19.982;8.368;---;4.881;5.655;3.628;---;;
24/09/2024;11:20:45;8340.00;;96.441;91.316;94.908;---;15.467;15.467;15.467;---;995.54;70.538;15.467;---;---;25.117;25.522;25.475;---;62.410;19.972;8.370;---;4.881;5.645;3.624;---;;
24/09/2024;11:21:15;8370.00;;96.523;91.335;94.333;---;15.466;15.466;15.466;---;995.58;70.754;15.466;---;---;25.107;25.519;25.546;---;62.411;20.021;8.371;---;4.860;5.648;3.644;---;;
24/09/2024;11:21:45;8400.00;;96.562;92.189;94.654;---;15.461;15.461;15.461;---;995.51;70.881;15.461;---;---;25.104;25.411;25.508;---;62.437;19.997;8.376;---;4.799;5.620;3.636;---;;
24/09/2024;11:22:15;8430.00;;96.547;92.169;94.823;---;15.465;15.465;15.465;---;995.53;70.911;15.465;---;---;25.105;25.413;25.487;---;62.393;19.983;8.394;---;4.799;5.637;3.629;---;;
24/09/2024;11:22:45;8460.00;;96.720;91.974;95.129;---;15.474;15.474;15.474;---;995.48;70.797;15.474;---;---;25.083;25.437;25.449;---;62.381;19.963;8.362;---;4.876;5.638;3.639;---;;
24/09/2024;11:23:15;8490.00;;96.768;91.906;95.592;---;15.471;15.471;15.471;---;995.43;70.667;15.471;---;---;25.078;25.448;25.391;---;62.340;19.967;8.343;---;4.870;5.652;3.649;---;;
24/09/2024;11:23:45;8520.00;;96.513;92.146;94.606;---;15.475;15.475;15.475;---;995.44;70.304;15.475;---;---;25.108;25.417;25.513;---;62.335;19.966;8.343;---;4.838;5.658;3.634;---;;
24/09/2024;11:24:15;8550.00;;96.436;90.614;95.116;---;15.463;15.463;15.463;---;995.46;70.034;15.463;---;---;25.119;25.614;25.452;---;62.294;20.4;8.350;---;4.852;5.666;3.633;---;;
24/09/2024;11:24:45;8580.00;;96.652;91.351;96.040;---;15.467;15.467;15.467;---;995.42;69.734;15.467;---;---;25.093;25.519;25.338;---;62.301;19.999;8.350;---;4.891;5.667;3.658;---;;
24/09/2024;11:25:15;8610.00;;96.499;91.211;94.601;---;15.471;15.471;15.471;---;995.36;69.584;15.471;---;---;25.112;25.537;25.515;---;62.335;19.986;8.350;---;4.823;5.625;3.632;---;;
24/09/2024;11:25:45;8640.00;;96.837;90.758;95.604;---;15.471;15.471;15.471;---;995.37;69.553;15.471;---;---;25.070;25.597;25.391;---;62.334;19.991;8.365;---;4.836;5.654;3.646;---;;
24/09/2024;11:26:15;8670.00;;96.782;91.350;94.997;---;15.471;15.471;15.471;---;995.32;69.691;15.471;---;---;25.078;25.520;25.466;---;62.310;20.2;8.346;---;4.873;5.640;3.646;---;;
24/09/2024;11:26:45;8700.00;;96.720;91.374;95.545;---;15.460;15.460;15.460;---;995.35;70.141;15.460;---;---;25.086;25.518;25.400;---;62.376;19.989;8.342;---;4.885;5.688;3.645;---;;
24/09/2024;11:27:15;8730.00;;96.397;91.753;95.872;---;15.465;15.465;15.465;---;995.34;70.711;15.465;---;---;25.125;25.469;25.360;---;62.331;19.965;8.359;---;4.859;5.659;3.659;---;;
24/09/2024;11:27:45;8760.00;;96.528;91.716;94.809;---;15.459;15.459;15.459;---;995.29;71.324;15.459;---;---;25.111;25.475;25.492;---;62.377;20.4;8.358;---;4.891;5.662;3.669;---;;
24/09/2024;11:28:15;8790.00;;96.581;91.196;95.339;---;15.461;15.461;15.461;---;995.29;71.486;15.461;---;---;25.104;25.542;25.426;---;62.402;20.9;8.345;---;4.875;5.691;3.649;---;;
24/09/2024;11:28:45;8820.00;;96.444;92.649;94.871;---;15.456;15.456;15.456;---;995.34;71.730;15.456;---;---;25.120;25.355;25.484;---;62.410;20.013;8.350;---;4.824;5.636;3.642;---;;
24/09/2024;11:29:15;8850.00;;96.559;91.022;95.055;---;15.457;15.457;15.457;---;995.32;72.186;15.457;---;---;25.106;25.564;25.461;---;62.420;20.8;8.338;---;4.882;5.653;3.655;---;;
24/09/2024;11:29:45;8880.00;;96.557;91.766;95.159;---;15.461;15.461;15.461;---;995.33;72.361;15.461;---;---;25.106;25.468;25.448;---;62.448;20.031;8.363;---;4.840;5.616;3.622;---;;
24/09/2024;11:30:15;8910.00;;96.602;91.440;94.094;---;15.467;15.467;15.467;---;995.34;72.379;15.467;---;---;25.100;25.508;25.579;---;62.427;20.029;8.351;---;4.862;5.639;3.652;---;;
24/09/2024;11:30:45;8940.00;;96.312;91.336;94.803;---;15.471;15.471;15.471;---;995.41;72.221;15.471;---;---;25.134;25.521;25.489;---;62.433;20.057;8.374;---;4.844;5.633;3.655;---;;
24/09/2024;11:31:15;8970.00;;96.442;91.390;95.106;---;15.460;15.460;15.460;---;995.35;72.056;15.460;---;---;25.121;25.516;25.453;---;62.365;19.996;8.355;---;4.821;5.647;3.616;---;;
24/09/2024;11:31:45;9000.00;;96.561;91.434;95.329;---;15.457;15.457;15.457;---;995.34;71.794;15.457;---;---;25.106;25.510;25.427;---;62.356;20.024;8.358;---;4.827;5.647;3.635;---;;
24/09/2024;11:32:15;9030.00;;96.637;91.569;94.765;---;15.468;15.468;15.468;---;995.37;71.461;15.468;---;---;25.095;25.492;25.497;---;62.373;19.972;8.354;---;4.887;5.627;3.630;---;;
24/09/2024;11:32:45;9060.00;;96.666;90.781;94.517;---;15.475;15.475;15.475;---;995.32;71.095;15.475;---;---;25.091;25.593;25.525;---;62.390;20.4;8.350;---;4.799;5.617;3.634;---;;
24/09/2024;11:33:15;9090.00;;96.446;91.593;94.157;---;15.476;15.476;15.476;---;995.34;70.988;15.476;---;---;25.118;25.487;25.570;---;62.355;19.988;8.362;---;4.793;5.649;3.644;---;;
24/09/2024;11:33:45;9120.00;;96.561;91.293;95.219;---;15.466;15.466;15.466;---;995.38;70.911;15.466;---;---;25.104;25.527;25.440;---;62.331;19.967;8.355;---;4.816;5.619;3.638;---;;
24/09/2024;11:34:15;9150.00;;96.422;91.614;95.291;---;15.462;15.462;15.462;---;995.30;71.095;15.462;---;---;25.123;25.487;25.433;---;62.352;19.981;8.357;---;4.883;5.682;3.636;---;;
24/09/2024;11:34:45;9180.00;;96.446;91.533;95.192;---;15.466;15.466;15.466;---;995.36;71.590;15.466;---;---;25.119;25.497;25.443;---;62.404;20.028;8.349;---;4.809;5.617;3.639;---;;
24/09/2024;11:35:15;9210.00;;96.726;91.407;95.670;---;15.466;15.466;15.466;---;995.32;71.985;15.466;---;---;25.086;25.514;25.384;---;62.400;20.10;8.351;---;4.827;5.656;3.641;---;;
24/09/2024;11:35:45;9240.00;;96.565;90.968;94.606;---;15.463;15.463;15.463;---;995.29;72.315;15.463;---;---;25.106;25.570;25.517;---;62.412;19.998;8.352;---;4.856;5.654;3.647;---;;
24/09/2024;11:36:15;9270.00;;96.395;91.393;94.747;---;15.454;15.454;15.454;---;995.41;72.559;15.454;---;---;25.126;25.515;25.498;---;62.428;20.018;8.381;---;4.815;5.634;3.637;---;;
24/09/2024;11:36:45;9300.00;;96.340;91.171;94.687;---;15.456;15.456;15.456;---;995.36;72.658;15.456;---;---;25.133;25.544;25.506;---;62.420;20.014;8.360;---;4.889;5.654;3.658;---;;
24/09/2024;11:37:15;9330.00;;96.341;91.838;94.618;---;15.457;15.457;15.457;---;995.45;72.913;15.457;---;---;25.132;25.458;25.513;---;62.466;20.017;8.355;---;4.814;5.655;3.637;---;;
24/09/2024;11:37:45;9360.00;;96.200;91.342;94.954;---;15.460;15.460;15.460;---;995.44;73.269;15.460;---;---;25.148;25.521;25.472;---;62.442;20.040;8.364;---;4.803;5.644;3.644;---;;
24/09/2024;11:38:15;9390.00;;96.092;91.290;96.024;---;15.465;15.465;15.465;---;995.44;73.223;15.465;---;---;25.161;25.528;25.340;---;62.449;19.997;8.381;---;4.814;5.631;3.640;---;;
24/09/2024;11:38:45;9420.00;;96.516;91.118;95.516;---;15.459;15.459;15.459;---;995.47;73.093;15.459;---;---;25.110;25.549;25.403;---;62.431;20.8;8.372;---;4.787;5.651;3.644;---;;
24/09/2024;11:39:15;9450.00;;96.774;91.217;95.677;---;15.462;15.462;15.462;---;995.43;72.877;15.462;---;---;25.078;25.537;25.382;---;62.434;19.985;8.355;---;4.822;5.621;3.624;---;;
24/09/2024;11:39:45;9480.00;;96.345;91.628;94.870;---;15.464;15.464;15.464;---;995.47;72.569;15.464;---;---;25.130;25.483;25.481;---;62.412;19.987;8.351;---;4.856;5.638;3.622;---;;
24/09/2024;11:40:15;9510.00;;96.568;91.192;95.575;---;15.466;15.466;15.466;---;995.51;72.165;15.466;---;---;25.102;25.539;25.394;---;62.443;19.972;8.358;---;4.896;5.672;3.653;---;;
24/09/2024;11:40:45;9540.00;;96.290;91.486;94.993;---;15.469;15.469;15.469;---;995.53;71.827;15.469;---;---;25.135;25.500;25.465;---;62.410;19.998;8.380;---;4.863;5.654;3.649;---;;
24/09/2024;11:41:15;9570.00;;96.375;91.644;95.758;---;15.457;15.457;15.457;---;995.54;71.697;15.457;---;---;25.127;25.481;25.372;---;62.353;19.990;8.344;---;4.816;5.631;3.644;---;;
24/09/2024;11:41:45;9600.00;;96.366;91.533;95.663;---;15.459;15.459;15.459;---;995.50;71.590;15.459;---;---;25.128;25.496;25.384;---;62.386;19.994;8.349;---;4.828;5.623;3.625;---;;
24/09/2024;11:42:15;9630.00;;96.104;92.187;94.721;---;15.462;15.462;15.462;---;995.59;71.644;15.462;---;---;25.158;25.410;25.498;---;62.407;19.988;8.356;---;4.827;5.653;3.652;---;;
24/09/2024;11:42:45;9660.00;;96.560;91.665;95.297;---;15.474;15.474;15.474;---;995.59;72.147;15.474;---;---;25.101;25.476;25.426;---;62.389;20.8;8.348;---;4.814;5.635;3.626;---;;
24/09/2024;11:43:15;9690.00;;96.696;91.632;95.130;---;15.466;15.466;15.466;---;995.54;72.623;15.466;---;---;25.086;25.482;25.448;---;62.430;20.031;8.361;---;4.795;5.670;3.621;---;;
24/09/2024;11:43:45;9720.00;;96.499;91.568;95.073;---;15.464;15.464;15.464;---;995.50;73.025;15.464;---;---;25.111;25.490;25.456;---;62.430;20.10;8.372;---;4.811;5.667;3.634;---;;
24/09/2024;11:44:15;9750.00;;96.427;91.777;95.403;---;15.468;15.468;15.468;---;995.46;73.292;15.468;---;---;25.119;25.464;25.415;---;62.474;20.020;8.356;---;4.840;5.648;3.635;---;;
24/09/2024;11:44:45;9780.00;;96.445;91.653;94.697;---;15.479;15.479;15.479;---;995.46;73.429;15.479;---;---;25.116;25.479;25.502;---;62.464;20.014;8.367;---;4.858;5.634;3.649;---;;
24/09/2024;11:45:15;9810.00;;96.247;91.552;94.864;---;15.481;15.481;15.481;---;995.52;73.818;15.481;---;---;25.140;25.490;25.479;---;62.489;20.027;8.374;---;4.849;5.651;3.652;---;;
24/09/2024;11:45:45;9840.00;;96.491;91.112;94.628;---;15.474;15.474;15.474;---;995.48;73.706;15.474;---;---;25.111;25.549;25.510;---;62.487;19.979;8.360;---;4.835;5.632;3.625;---;;
24/09/2024;11:46:15;9870.00;;96.367;91.259;94.974;---;15.468;15.468;15.468;---;995.48;73.574;15.468;---;---;25.127;25.530;25.468;---;62.471;19.991;8.340;---;4.819;5.626;3.642;---;;
24/09/2024;11:46:45;9900.00;;96.525;91.537;94.767;---;15.473;15.473;15.473;---;995.46;73.312;15.473;---;---;25.107;25.495;25.493;---;62.492;20.016;8.363;---;4.829;5.626;3.620;---;;
24/09/2024;11:47:15;9930.00;;96.409;91.175;94.990;---;15.478;15.478;15.478;---;995.45;72.956;15.478;---;---;25.121;25.541;25.465;---;62.423;19.992;8.348;---;4.812;5.581;3.629;---;;
24/09/2024;11:47:45;9960.00;;96.466;92.067;96.419;---;15.477;15.477;15.477;---;995.45;72.658;15.477;---;---;25.114;25.426;25.290;---;62.422;20.024;8.366;---;4.813;5.634;3.625;---;;
24/09/2024;11:48:15;9990.00;;96.320;91.297;95.965;---;15.473;15.473;15.473;---;995.44;72.336;15.473;---;---;25.132;25.525;25.347;---;62.411;19.976;8.356;---;4.835;5.633;3.622;---;;
24/09/2024;11:48:45;10020.00;;95.983;91.618;94.718;---;15.475;15.475;15.475;---;995.44;72.147;15.475;---;---;25.174;25.484;25.499;---;62.368;19.997;8.357;---;4.870;5.637;3.638;---;;
24/09/2024;11:49:15;10050.00;;96.286;91.697;94.884;---;15.474;15.474;15.474;---;995.39;72.048;15.474;---;---;25.137;25.474;25.479;---;62.416;19.992;8.350;---;4.876;5.663;3.636;---;;
24/09/2024;11:49:45;10080.00;;96.439;91.783;95.207;---;15.475;15.475;15.475;---;995.40;71.964;15.475;---;---;25.118;25.463;25.439;---;62.434;19.987;8.362;---;4.837;5.667;3.653;---;;
24/09/2024;11:50:15;10110.00;;96.069;91.619;95.261;---;15.477;15.477;15.477;---;995.49;72.102;15.477;---;---;25.162;25.482;25.431;---;62.411;19.987;8.357;---;4.842;5.640;3.645;---;;
24/09/2024;11:50:45;10140.00;;96.392;91.375;95.521;---;15.466;15.466;15.466;---;995.46;72.414;15.466;---;---;25.124;25.517;25.401;---;62.405;19.994;8.357;---;4.874;5.653;3.649;---;;
24/09/2024;11:51:15;10170.00;;96.002;90.670;95.419;---;15.463;15.463;15.463;---;995.44;73.040;15.463;---;---;25.173;25.607;25.413;---;62.451;20.4;8.362;---;4.847;5.646;3.651;---;;
24/09/2024;11:51:45;10200.00;;96.266;91.389;95.297;---;15.467;15.467;15.467;---;995.47;73.513;15.467;---;---;25.139;25.513;25.428;---;62.485;20.014;8.359;---;4.859;5.650;3.643;---;;
24/09/2024;11:52:15;10230.00;;95.890;91.341;95.276;---;15.466;15.466;15.466;---;995.56;73.589;15.466;---;---;25.185;25.519;25.430;---;62.594;20.032;8.383;---;4.879;5.629;3.659;---;;
24/09/2024;11:52:45;10260.00;;96.291;90.693;94.552;---;15.468;15.468;15.468;---;995.55;73.643;15.468;---;---;25.135;25.603;25.519;---;62.488;19.995;8.355;---;4.821;5.648;3.639;---;;
24/09/2024;11:53:15;10290.00;;96.208;91.844;94.599;---;15.458;15.458;15.458;---;995.52;73.887;15.458;---;---;25.147;25.455;25.515;---;62.503;20.030;8.351;---;4.845;5.652;3.630;---;;
24/09/2024;11:53:45;10320.00;;96.119;91.788;95.024;---;15.459;15.459;15.459;---;995.58;74.215;15.459;---;---;25.157;25.462;25.461;---;62.549;20.030;8.376;---;4.833;5.671;3.666;---;;
24/09/2024;11:54:15;10350.00;;96.172;91.056;94.857;---;15.462;15.462;15.462;---;995.51;74.342;15.462;---;---;25.151;25.557;25.483;---;62.534;20.041;8.363;---;4.836;5.667;3.665;---;;
24/09/2024;11:54:45;10380.00;;96.498;91.951;95.015;---;15.468;15.468;15.468;---;995.58;74.057;15.468;---;---;25.109;25.440;25.462;---;62.525;20.6;8.363;---;4.857;5.644;3.633;---;;
24/09/2024;11:55:15;10410.00;;96.373;91.342;95.492;---;15.460;15.460;15.460;---;995.65;73.775;15.460;---;---;25.125;25.518;25.402;---;62.493;20.032;8.376;---;4.822;5.613;3.659;---;;
24/09/2024;11:55:45;10440.00;;96.359;91.331;95.451;---;15.459;15.459;15.459;---;995.67;73.475;15.459;---;---;25.127;25.520;25.408;---;62.550;19.980;8.355;---;4.808;5.655;3.636;---;;
24/09/2024;11:56:15;10470.00;;96.397;91.307;93.722;---;15.459;15.459;15.459;---;995.71;73.185;15.459;---;---;25.122;25.522;25.623;---;62.496;19.988;8.368;---;4.832;5.654;3.634;---;;
24/09/2024;11:56:45;10500.00;;96.209;91.233;94.900;---;15.467;15.467;15.467;---;995.73;72.839;15.467;---;---;25.143;25.531;25.474;---;62.444;20.024;8.347;---;4.857;5.666;3.676;---;;
24/09/2024;11:57:15;10530.00;;96.365;91.907;95.136;---;15.472;15.472;15.472;---;995.68;72.643;15.472;---;---;25.124;25.445;25.445;---;62.472;20.7;8.349;---;4.810;5.624;3.673;---;;
24/09/2024;11:57:45;10560.00;;96.262;91.444;94.727;---;15.464;15.464;15.464;---;995.72;72.705;15.464;---;---;25.137;25.503;25.496;---;62.416;19.991;8.357;---;4.877;5.671;3.663;---;;
24/09/2024;11:58:15;10590.00;;96.402;91.242;95.674;---;15.458;15.458;15.458;---;995.79;72.974;15.458;---;---;25.120;25.530;25.379;---;62.489;20.4;8.367;---;4.855;5.656;3.661;---;;
24/09/2024;11:58:45;10620.00;;96.190;91.233;95.159;---;15.464;15.464;15.464;---;995.73;73.465;15.464;---;---;25.146;25.531;25.442;---;62.511;20.8;8.359;---;4.877;5.651;3.666;---;;
24/09/2024;11:59:15;10650.00;;96.051;91.420;94.767;---;15.465;15.465;15.465;---;995.83;73.907;15.465;---;---;25.161;25.505;25.489;---;62.492;20.025;8.370;---;4.821;5.658;3.658;---;;
24/09/2024;11:59:45;10680.00;;96.095;91.336;94.530;---;15.475;15.475;15.475;---;995.77;74.047;15.475;---;---;25.156;25.516;25.518;---;62.564;20.019;8.366;---;4.895;5.640;3.655;---;;
24/09/2024;12:00:15;10710.00;;96.192;91.412;95.363;---;15.471;15.471;15.471;---;995.84;74.230;15.471;---;---;25.144;25.506;25.415;---;62.539;20.022;8.366;---;4.818;5.648;3.657;---;;
24/09/2024;12:00:45;10740.00;;95.889;90.907;95.156;---;15.466;15.466;15.466;---;995.75;74.393;15.466;---;---;25.182;25.573;25.442;---;62.536;20.020;8.350;---;4.831;5.656;3.655;---;;
24/09/2024;12:01:15;10770.00;;96.160;91.290;95.422;---;15.467;15.467;15.467;---;995.81;74.828;15.467;---;---;25.148;25.523;25.409;---;62.581;20.018;8.359;---;4.797;5.637;3.646;---;;
24/09/2024;12:01:45;10800.00;;96.011;90.674;94.387;---;15.471;15.471;15.471;---;995.71;74.820;15.471;---;---;25.167;25.603;25.538;---;62.549;20.4;8.361;---;4.860;5.652;3.638;---;;
24/09/2024;12:02:15;10830.00;;96.161;91.559;95.967;---;15.475;15.475;15.475;---;995.78;74.566;15.475;---;---;25.148;25.488;25.341;---;62.576;20.031;8.366;---;4.824;5.640;3.628;---;;
24/09/2024;12:02:45;10860.00;;96.160;91.747;94.180;---;15.470;15.470;15.470;---;995.73;74.177;15.470;---;---;25.149;25.465;25.563;---;62.541;19.982;8.358;---;4.855;5.651;3.651;---;;
24/09/2024;12:03:15;10890.00;;96.363;91.099;94.986;---;15.466;15.466;15.466;---;995.72;73.872;15.466;---;---;25.125;25.549;25.464;---;62.493;19.980;8.346;---;4.897;5.701;3.634;---;;
24/09/2024;12:03:45;10920.00;;95.628;91.335;94.743;---;15.465;15.465;15.465;---;995.72;73.493;15.465;---;---;25.215;25.518;25.494;---;62.455;20.015;8.366;---;4.790;5.630;3.629;---;;
24/09/2024;12:04:15;10950.00;;96.231;91.716;95.211;---;15.475;15.475;15.475;---;995.74;73.167;15.475;---;---;25.140;25.468;25.435;---;62.440;20.6;8.373;---;4.845;5.652;3.631;---;;
24/09/2024;12:04:45;10980.00;;95.852;91.357;94.471;---;15.468;15.468;15.468;---;995.64;73.025;15.468;---;---;25.187;25.516;25.528;---;62.476;19.974;8.363;---;4.856;5.648;3.659;---;;
24/09/2024;12:05:15;11010.00;;96.164;92.034;94.557;---;15.462;15.462;15.462;---;995.70;73.284;15.462;---;---;25.150;25.429;25.517;---;62.510;20.1;8.358;---;4.886;5.624;3.655;---;;
24/09/2024;12:05:45;11040.00;;96.130;91.277;94.689;---;15.459;15.459;15.459;---;995.64;73.610;15.459;---;---;25.155;25.527;25.503;---;62.508;20.016;8.371;---;4.873;5.634;3.640;---;;
24/09/2024;12:06:15;11070.00;;96.107;91.326;94.424;---;15.464;15.464;15.464;---;995.63;74.078;15.464;---;---;25.157;25.521;25.535;---;62.514;20.10;8.383;---;4.880;5.662;3.647;---;;
24/09/2024;12:06:45;11100.00;;96.261;91.983;94.572;---;15.468;15.468;15.468;---;995.50;74.459;15.468;---;---;25.140;25.437;25.517;---;62.550;19.998;8.351;---;4.870;5.677;3.644;---;;
24/09/2024;12:07:15;11130.00;;96.192;91.045;94.569;---;15.464;15.464;15.464;---;995.46;74.513;15.464;---;---;25.149;25.558;25.519;---;62.525;20.018;8.374;---;4.862;5.666;3.657;---;;
24/09/2024;12:07:45;11160.00;;95.962;91.036;95.464;---;15.459;15.459;15.459;---;995.44;74.739;15.459;---;---;25.178;25.561;25.409;---;62.596;20.048;8.362;---;4.803;5.656;3.633;---;;
24/09/2024;12:08:15;11190.00;;96.072;91.212;95.061;---;15.460;15.460;15.460;---;995.33;74.947;15.460;---;---;25.166;25.539;25.459;---;62.584;20.7;8.372;---;4.895;5.623;3.631;---;;
24/09/2024;12:08:45;11220.00;;95.908;91.534;94.342;---;15.463;15.463;15.463;---;995.29;74.884;15.463;---;---;25.186;25.497;25.550;---;62.585;20.026;8.373;---;4.880;5.636;3.642;---;;
24/09/2024;12:09:15;11250.00;;96.075;91.475;95.473;---;15.468;15.468;15.468;---;995.20;74.721;15.468;---;---;25.166;25.505;25.410;---;62.579;20.019;8.375;---;4.851;5.661;3.630;---;;
24/09/2024;12:09:45;11280.00;;96.263;90.324;94.072;---;15.468;15.468;15.468;---;995.22;74.474;15.468;---;---;25.142;25.654;25.585;---;62.553;19.977;8.355;---;4.876;5.672;3.660;---;;
24/09/2024;12:10:15;11310.00;;96.099;91.412;94.742;---;15.462;15.462;15.462;---;995.20;74.024;15.462;---;---;25.164;25.516;25.501;---;62.556;19.999;8.354;---;4.879;5.628;3.633;---;;
24/09/2024;12:10:45;11340.00;;95.865;91.480;95.344;---;15.462;15.462;15.462;---;995.21;73.706;15.462;---;---;25.192;25.506;25.427;---;62.517;20.5;8.355;---;4.819;5.632;3.636;---;;
24/09/2024;12:11:15;11370.00;;95.950;91.883;94.541;---;15.460;15.460;15.460;---;995.16;73.355;15.460;---;---;25.183;25.455;25.526;---;62.514;20.11;8.378;---;4.793;5.631;3.639;---;;
24/09/2024;12:11:45;11400.00;;95.777;91.551;95.233;---;15.467;15.467;15.467;---;995.20;73.337;15.467;---;---;25.202;25.496;25.439;---;62.522;19.985;8.343;---;4.847;5.649;3.632;---;;
24/09/2024;12:12:15;11430.00;;95.929;90.590;95.401;---;15.461;15.461;15.461;---;995.22;73.727;15.461;---;---;25.184;25.620;25.419;---;62.507;19.972;8.362;---;4.817;5.636;3.642;---;;
24/09/2024;12:12:45;11460.00;;95.953;91.349;94.676;---;15.460;15.460;15.460;---;995.22;74.068;15.460;---;---;25.181;25.523;25.509;---;62.559;20.12;8.357;---;4.836;5.629;3.648;---;;
24/09/2024;12:13:15;11490.00;;96.101;91.117;95.692;---;15.461;15.461;15.461;---;995.20;74.352;15.461;---;---;25.164;25.552;25.384;---;62.548;20.000;8.348;---;4.846;5.650;3.641;---;;
24/09/2024;12:13:45;11520.00;;96.372;92.114;94.963;---;15.467;15.467;15.467;---;995.27;74.703;15.467;---;---;25.129;25.424;25.472;---;62.603;20.038;8.375;---;4.847;5.656;3.640;---;;
24/09/2024;12:14:15;11550.00;;96.000;92.026;95.683;---;15.469;15.469;15.469;---;995.31;74.810;15.469;---;---;25.173;25.433;25.383;---;62.571;20.016;8.358;---;4.857;5.654;3.637;---;;
24/09/2024;12:14:45;11580.00;;96.149;91.403;95.099;---;15.466;15.466;15.466;---;995.30;74.841;15.466;---;---;25.156;25.514;25.455;---;62.584;20.2;8.376;---;4.859;5.680;3.634;---;;
24/09/2024;12:15:15;11610.00;;96.022;90.956;95.156;---;15.466;15.466;15.466;---;995.38;75.024;15.466;---;---;25.171;25.571;25.446;---;62.611;20.030;8.360;---;4.777;5.619;3.647;---;;
24/09/2024;12:15:45;11640.00;;95.931;91.402;94.708;---;15.474;15.474;15.474;---;995.33;75.268;15.474;---;---;25.181;25.513;25.503;---;62.619;20.7;8.375;---;4.842;5.638;3.628;---;;
24/09/2024;12:16:15;11670.00;;96.427;91.562;95.037;---;15.477;15.477;15.477;---;995.31;75.382;15.477;---;---;25.120;25.492;25.461;---;62.606;20.034;8.365;---;4.834;5.643;3.642;---;;
24/09/2024;12:16:45;11700.00;;95.718;91.582;94.376;---;15.474;15.474;15.474;---;995.32;75.016;15.474;---;---;25.207;25.489;25.543;---;62.610;20.028;8.384;---;4.825;5.640;3.635;---;;
24/09/2024;12:17:15;11730.00;;95.871;91.260;94.844;---;15.473;15.473;15.473;---;995.35;74.640;15.473;---;---;25.188;25.532;25.486;---;62.593;19.993;8.370;---;4.872;5.651;3.670;---;;
24/09/2024;12:17:45;11760.00;;96.493;90.767;94.751;---;15.468;15.468;15.468;---;995.32;74.299;15.468;---;---;25.114;25.597;25.498;---;62.449;19.974;8.382;---;4.871;5.676;3.633;---;;
24/09/2024;12:18:15;11790.00;;95.849;90.645;93.994;---;15.468;15.468;15.468;---;995.25;73.861;15.468;---;---;25.193;25.612;25.594;---;62.541;19.984;8.349;---;4.869;5.644;3.648;---;;
24/09/2024;12:18:45;11820.00;;96.057;91.775;95.408;---;15.465;15.465;15.465;---;995.22;73.322;15.465;---;---;25.168;25.467;25.418;---;62.555;20.12;8.361;---;4.862;5.683;3.653;---;;
24/09/2024;12:19:15;11850.00;;95.836;91.324;95.626;---;15.467;15.467;15.467;---;995.23;73.513;15.467;---;---;25.195;25.525;25.391;---;62.557;19.993;8.375;---;4.886;5.665;3.653;---;;
24/09/2024;12:19:45;11880.00;;95.733;90.811;96.135;---;15.461;15.461;15.461;---;995.21;73.887;15.461;---;---;25.209;25.592;25.331;---;62.544;20.032;8.374;---;4.833;5.649;3.633;---;;
24/09/2024;12:20:15;11910.00;;95.661;91.358;95.057;---;15.460;15.460;15.460;---;995.18;74.258;15.460;---;---;25.218;25.522;25.462;---;62.637;20.3;8.369;---;4.849;5.666;3.641;---;;
24/09/2024;12:20:45;11940.00;;96.289;91.747;95.154;---;15.456;15.456;15.456;---;995.16;74.650;15.456;---;---;25.142;25.472;25.451;---;62.607;20.034;8.376;---;4.838;5.646;3.642;---;;
24/09/2024;12:21:15;11970.00;;95.638;90.633;94.850;---;15.459;15.459;15.459;---;995.17;74.947;15.459;---;---;25.221;25.616;25.488;---;62.665;20.030;8.366;---;4.805;5.657;3.647;---;;
24/09/2024;12:21:45;12000.00;;95.761;91.570;95.292;---;15.454;15.454;15.454;---;995.08;74.970;15.454;---;---;25.208;25.497;25.435;---;62.547;20.051;8.372;---;4.784;5.636;3.645;---;;
24/09/2024;12:22:15;12030.00;;95.834;90.968;94.784;---;15.449;15.449;15.449;---;995.10;75.224;15.449;---;---;25.199;25.575;25.498;---;62.587;20.051;8.364;---;4.799;5.670;3.635;---;;
24/09/2024;12:22:45;12060.00;;95.743;90.361;94.427;---;15.457;15.457;15.457;---;995.11;75.199;15.457;---;---;25.209;25.653;25.542;---;62.654;20.066;8.380;---;4.825;5.677;3.637;---;;
24/09/2024;12:23:15;12090.00;;95.701;91.017;95.221;---;15.461;15.461;15.461;---;995.12;75.268;15.461;---;---;25.214;25.567;25.442;---;62.681;20.060;8.372;---;4.860;5.680;3.636;---;;
24/09/2024;12:23:45;12120.00;;95.926;91.674;94.197;---;15.464;15.464;15.464;---;995.09;75.512;15.464;---;---;25.186;25.483;25.570;---;62.635;20.045;8.359;---;4.786;5.673;3.632;---;;
24/09/2024;12:24:15;12150.00;;96.093;91.262;95.124;---;15.460;15.460;15.460;---;995.06;75.626;15.460;---;---;25.166;25.535;25.455;---;62.601;20.059;8.361;---;4.835;5.649;3.661;---;;
24/09/2024;12:24:45;12180.00;;95.516;90.392;94.703;---;15.461;15.461;15.461;---;995.10;75.489;15.461;---;---;25.236;25.648;25.506;---;62.638;20.044;8.362;---;4.853;5.624;3.681;---;;
24/09/2024;12:25:15;12210.00;;95.608;91.328;94.827;---;15.474;15.474;15.474;---;995.09;75.182;15.474;---;---;25.224;25.525;25.490;---;62.682;20.053;8.362;---;4.840;5.655;3.666;---;;
24/09/2024;12:25:45;12240.00;;95.526;90.720;95.196;---;15.474;15.474;15.474;---;995.16;74.841;15.474;---;---;25.233;25.603;25.445;---;62.595;20.020;8.376;---;4.892;5.653;3.663;---;;
24/09/2024;12:26:15;12270.00;;96.075;91.010;95.622;---;15.477;15.477;15.477;---;995.15;74.342;15.477;---;---;25.166;25.565;25.391;---;62.689;20.017;8.370;---;4.786;5.642;3.643;---;;
24/09/2024;12:26:45;12300.00;;95.588;91.594;95.058;---;15.461;15.461;15.461;---;995.13;73.933;15.461;---;---;25.227;25.494;25.463;---;62.587;20.045;8.369;---;4.872;5.652;3.653;---;;